,source,target,value
3,United Kingdom,United States,1374
40,China,United States,1123
6,India,United States,1092
52,Germany,United States,731
2,Canada,United States,724
22,Australia,United States,668
75,Italy,United States,576
17,Japan,United States,519
142,Australia,United Kingdom,492
26,Germany,United Kingdom,456
1,Canada,United Kingdom,437
7,Israel,United States,412
4,France,United States,400
16,Georgia,United States,388
79,Singapore,United States,376
199,Brazil,United States,338
308,Australia,Singapore,325
36,Switzerland,United States,315
56,Denmark,United Kingdom,300
93,Mexico,United States,298
72,Italy,United Kingdom,276
207,Egypt,United States,263
415,China,United Kingdom,260
30,Netherlands,United States,259
0,India,United Kingdom,254
118,Switzerland,United Kingdom,234
84,Spain,United States,233
127,France,United Kingdom,223
154,Australia,China,219
111,China,Hong Kong,202
53,Denmark,United States,195
31,Jersey,United States,195
54,Sweden,United States,194
125,France,Germany,186
103,Spain,United Kingdom,183
28,France,Italy,174
43,Germany,Switzerland,170
78,Austria,United States,167
122,France,Switzerland,162
73,Netherlands,United Kingdom,157
126,Germany,Italy,151
167,China,Japan,142
120,Ireland,United Kingdom,141
297,Singapore,United Kingdom,139
259,Italy,Spain,138
431,Saudi Arabia,United States,137
195,Australia,India,133
140,Turkey,United States,132
210,Australia,Germany,123
91,Hong Kong,United States,122
329,Australia,Canada,122
64,Portugal,United States,120
41,Thailand,United States,118
101,Germany,Netherlands,113
177,China,Germany,106
13,Hungary,United States,105
340,China,Singapore,105
55,Belgium,United Kingdom,104
86,Austria,Germany,103
76,Australia,France,101
705,United Arab Emirates,United States,98
237,India,Italy,98
442,Australia,Italy,98
85,China,"Taiwan, Province of China",96
455,France,Spain,96
8,Poland,United States,93
193,Greece,United States,93
107,Japan,United Kingdom,92
390,India,Saudi Arabia,90
161,Belgium,United States,89
309,Argentina,United States,88
192,Greece,United Kingdom,87
18,Lebanon,United States,87
87,Austria,United Kingdom,87
100,Germany,Spain,85
92,Egypt,Saudi Arabia,82
184,India,Singapore,82
121,Ireland,United States,81
83,Sweden,United Kingdom,80
60,Canada,France,79
33,Canada,India,78
14,Australia,New Zealand,77
74,Italy,Netherlands,77
135,Germany,India,77
123,Italy,Switzerland,76
445,Canada,China,74
247,Finland,United States,74
338,China,India,72
175,Australia,Netherlands,72
150,Brazil,United Kingdom,71
50,Denmark,Germany,71
32,Italy,Peru,69
257,Portugal,Spain,69
209,Australia,Switzerland,67
264,Australia,Finland,66
108,New Zealand,United Kingdom,65
337,Hong Kong,Singapore,64
124,Netherlands,Switzerland,63
762,Egypt,United Kingdom,63
661,Israel,Italy,62
422,China,Mongolia,62
375,Canada,Germany,62
388,Saudi Arabia,United Kingdom,60
24,"Taiwan, Province of China",United States,60
389,India,Malaysia,59
145,Peru,United States,59
58,Belgium,France,59
69,Finland,United Kingdom,59
136,Germany,Israel,58
59,Belgium,Saudi Arabia,57
94,Germany,Japan,57
232,Portugal,United Kingdom,56
276,New Zealand,United States,56
144,Colombia,United States,56
605,Austria,Switzerland,55
246,Denmark,Japan,55
233,Denmark,France,55
219,Denmark,Netherlands,54
153,Australia,Japan,54
212,Malaysia,United States,54
352,Japan,Singapore,53
173,Denmark,Italy,53
322,Israel,United Kingdom,53
687,Russian Federation,United States,53
98,Belgium,Netherlands,53
272,Canada,Italy,52
305,Norway,United States,51
158,Australia,Denmark,51
576,Pakistan,United States,51
160,India,Switzerland,50
588,Qatar,United Kingdom,50
95,Belgium,Germany,50
147,Australia,Hong Kong,50
114,India,Japan,50
119,France,Netherlands,49
319,Poland,United Kingdom,49
440,Australia,Spain,49
112,South Korea,United States,49
152,Hong Kong,United Kingdom,48
715,France,India,48
560,Germany,Singapore,48
366,Germany,Portugal,47
578,Egypt,Georgia,47
861,Ethiopia,United States,46
214,Iceland,United States,46
1025,Philippines,United States,45
396,South Africa,United Kingdom,45
480,India,Spain,45
402,Pakistan,Saudi Arabia,45
399,Brazil,Germany,45
141,Finland,Sweden,44
105,Netherlands,Spain,44
11,Denmark,Sweden,43
261,Germany,Poland,43
254,Spain,Switzerland,43
244,Italy,Portugal,42
416,Malaysia,Singapore,42
382,France,Japan,41
395,France,Portugal,41
88,Australia,Brazil,41
280,China,France,40
68,Nigeria,United States,40
285,Italy,Japan,39
349,India,Thailand,39
273,France,Israel,39
408,South Africa,United States,39
732,Italy,Poland,38
5,India,Israel,38
475,Brazil,Spain,38
421,Qatar,United States,38
469,Australia,South Africa,37
684,Iran,United States,37
507,Argentina,Brazil,37
256,Denmark,Spain,36
242,Norway,United Kingdom,36
132,China,Netherlands,36
443,Australia,Saudi Arabia,36
235,Australia,Israel,36
506,Brazil,Canada,36
216,Germany,Turkey,35
225,Greece,Italy,35
542,Costa Rica,United States,35
170,Belgium,Italy,35
729,Thailand,United Kingdom,34
133,Canada,Israel,34
186,Germany,Greece,34
587,India,Turkey,34
816,Pakistan,United Kingdom,34
400,Brazil,India,34
908,Egypt,United Arab Emirates,34
131,Hungary,United Kingdom,33
608,China,Switzerland,33
387,Malaysia,United Kingdom,32
281,China,Italy,32
328,Puerto Rico,United States,32
582,India,Peru,32
89,United Arab Emirates,United Kingdom,32
51,Germany,Sweden,32
401,Brazil,Italy,31
202,Mexico,United Kingdom,31
643,Singapore,Switzerland,31
557,Argentina,France,31
407,India,South Africa,31
899,India,United Arab Emirates,30
379,Netherlands,Singapore,30
601,Brazil,France,30
15,Italy,Sweden,30
600,Serbia,United States,30
245,India,Mexico,30
609,Germany,Mexico,30
332,Malaysia,Saudi Arabia,30
572,Italy,Singapore,30
25,Australia,Thailand,30
96,Belgium,Spain,29
549,Mexico,Spain,29
190,Norway,Sweden,29
61,Canada,Saudi Arabia,29
380,Austria,France,29
958,Italy,Turkey,28
44,Denmark,Switzerland,28
277,Australia,Sweden,28
436,India,Netherlands,28
691,Australia,Indonesia,28
464,Croatia,United States,28
188,Denmark,Norway,28
448,Canada,Japan,28
255,Portugal,Switzerland,27
37,Belgium,Denmark,27
662,Turkey,United Kingdom,27
659,Argentina,Israel,27
484,Australia,Ireland,27
519,Brazil,Costa Rica,27
81,Kenya,United States,27
384,Denmark,India,27
369,Egypt,India,27
341,China,Thailand,27
137,Israel,Spain,26
513,Argentina,Mexico,26
1137,Poland,Spain,26
694,Australia,Turkey,26
353,Japan,Thailand,26
692,Indonesia,Singapore,26
35,Canada,Switzerland,26
521,Brazil,Mexico,25
290,Italy,Romania,25
194,France,Poland,25
512,Argentina,Spain,25
336,Hong Kong,India,25
446,Canada,Spain,25
424,China,Sweden,25
1295,Austria,Singapore,25
501,Canada,Singapore,25
258,Netherlands,Portugal,24
584,Italy,Mexico,24
269,Austria,Italy,24
67,Ghana,United States,24
1167,Argentina,India,24
295,Germany,Russian Federation,24
656,China,Pakistan,24
905,France,Turkey,24
450,China,Spain,24
1586,Indonesia,United States,23
983,Uganda,United States,23
495,Australia,Mexico,23
301,Germany,Hungary,23
403,India,South Korea,23
365,India,Portugal,23
282,Canada,Denmark,23
564,Australia,Pakistan,23
1641,Australia,Bangladesh,23
373,Mexico,Peru,23
321,Jamaica,United States,23
871,China,Macao,23
241,Russian Federation,United Kingdom,23
759,Bangladesh,United States,22
950,Spain,Turkey,22
902,Saudi Arabia,United Arab Emirates,22
312,Japan,Switzerland,22
23,Denmark,Portugal,22
619,Germany,South Africa,22
1603,Tunisia,United States,22
138,Spain,Sweden,22
1368,Argentina,Germany,22
427,Kenya,United Kingdom,22
180,Australia,United Arab Emirates,22
747,Ethiopia,India,22
414,France,Tunisia,22
129,Netherlands,Sweden,21
430,Italy,Saudi Arabia,21
1372,France,Peru,21
740,China,Malaysia,21
993,Greece,Spain,21
494,Czechia,India,21
496,Colombia,United Kingdom,21
306,Ethiopia,United Kingdom,21
778,Israel,Switzerland,21
730,Netherlands,South Africa,20
252,Belgium,Switzerland,20
589,Slovenia,United States,20
739,Australia,Malaysia,20
660,Argentina,Italy,20
607,Austria,Netherlands,20
514,Argentina,Peru,20
782,Israel,Turkey,19
218,Chile,United Kingdom,19
788,Canada,Netherlands,19
942,France,Mexico,19
343,Hong Kong,Japan,19
371,Colombia,Mexico,19
510,Argentina,Costa Rica,19
260,Colombia,Spain,19
391,Denmark,Singapore,19
183,Canada,Sweden,19
392,France,Singapore,19
1580,Brazil,Portugal,18
473,Ireland,Sweden,18
559,Germany,Norway,18
171,Jordan,United States,18
865,India,Poland,18
735,Ireland,Netherlands,18
90,Japan,Sweden,18
1144,Germany,Ireland,18
1096,Japan,Malaysia,18
49,Chile,United States,18
104,Japan,Spain,18
540,Costa Rica,Puerto Rico,18
518,Brazil,Colombia,18
550,Peru,Spain,18
777,Australia,Portugal,18
1007,China,Russian Federation,18
863,Australia,Poland,17
580,Canada,Hong Kong,17
502,Nigeria,United Kingdom,17
251,France,Lebanon,17
537,Costa Rica,Spain,17
891,Brazil,Israel,17
423,Sri Lanka,United Kingdom,17
253,Belgium,Portugal,17
457,Saudi Arabia,Spain,17
538,Costa Rica,Mexico,17
561,India,Norway,17
1009,India,Russian Federation,17
172,Barbados,United States,17
452,China,Saudi Arabia,17
1829,Rwanda,United States,16
992,France,Greece,16
185,Greece,Switzerland,16
945,India,Lebanon,16
360,Singapore,Thailand,16
370,Malawi,United Kingdom,16
1163,Argentina,Australia,16
805,Israel,Netherlands,16
806,Bangladesh,India,16
65,Japan,Netherlands,16
881,Finland,Poland,16
523,Brazil,Puerto Rico,16
289,Romania,United Kingdom,16
262,Greece,Netherlands,16
1165,Argentina,United Kingdom,16
1066,Greece,India,16
157,Australia,Austria,16
823,Nepal,United States,16
178,Hungary,Switzerland,16
476,Brazil,Netherlands,15
45,Sweden,Switzerland,15
1101,Finland,France,15
70,Finland,Italy,15
1371,Argentina,Turkey,15
146,Australia,Belgium,15
465,Italy,Thailand,15
713,Singapore,Spain,15
39,Denmark,Israel,15
128,France,Sweden,15
383,China,Mali,15
1151,Germany,Peru,15
677,Jordan,Saudi Arabia,15
1037,Mexico,Turkey,15
888,Peru,United Kingdom,15
611,Australia,Qatar,15
313,Poland,Switzerland,15
925,Norway,Spain,15
867,Ireland,Spain,15
833,China,Denmark,15
1344,Israel,Mexico,15
368,Brazil,Japan,15
294,Finland,Germany,15
1382,Thailand,Turkey,14
21,Israel,Poland,14
594,Georgia,Saudi Arabia,14
228,Hungary,Italy,14
734,Lithuania,United States,14
522,Brazil,Peru,14
569,India,Pakistan,14
320,Japan,Poland,14
695,Austria,Hungary,14
558,Australia,Norway,14
1055,Australia,Peru,14
853,Ghana,United Kingdom,14
568,India,New Zealand,14
919,Egypt,Spain,14
57,Belgium,Canada,14
1071,France,Malaysia,14
215,Israel,Japan,14
603,China,South Africa,14
201,Canada,Mexico,14
781,Israel,Portugal,14
1557,Belgium,Ireland,14
222,Croatia,United Kingdom,14
284,India,Sweden,13
227,Croatia,Italy,13
425,Switzerland,Turkey,13
937,Indonesia,Malaysia,13
570,Italy,New Zealand,13
1031,Ireland,Switzerland,13
1345,Israel,Peru,13
231,Italy,Norway,13
477,Germany,Hong Kong,13
1794,Panama,United States,13
350,India,Viet Nam,13
509,Argentina,Colombia,13
1808,China,United Arab Emirates,13
625,Italy,South Africa,13
1073,Hong Kong,Malaysia,13
1060,Philippines,United Kingdom,13
454,Germany,Thailand,13
1373,Israel,Thailand,12
274,France,New Zealand,12
775,Ireland,Italy,12
930,China,Turkey,12
110,Netherlands,New Zealand,12
1541,Hong Kong,Macao,12
924,Egypt,Japan,12
1396,Pakistan,South Korea,12
206,Romania,United States,12
460,France,Thailand,12
230,Iran,United Kingdom,12
826,Belgium,India,12
1380,Poland,Thailand,12
1138,Netherlands,Poland,12
27,Czechia,Slovakia,12
909,France,United Arab Emirates,12
624,Singapore,South Africa,12
411,Cameroon,United States,12
159,Austria,Denmark,12
10,Denmark,Iceland,12
1069,Japan,Russian Federation,12
179,France,Hungary,12
809,Bangladesh,Saudi Arabia,12
134,Georgia,India,12
539,Costa Rica,Peru,12
731,Greece,Poland,12
504,Nigeria,South Africa,12
1445,Austria,Canada,11
704,Paraguay,United States,11
698,New Zealand,Switzerland,11
478,Denmark,Hong Kong,11
156,Germany,Saudi Arabia,11
911,Lebanon,United Arab Emirates,11
1421,Portugal,Sweden,11
1629,India,Slovakia,11
500,Canada,Malaysia,11
1642,Bangladesh,United Kingdom,11
102,Germany,New Zealand,11
828,Argentina,Canada,11
437,India,Romania,11
552,Mexico,Puerto Rico,11
1145,Denmark,Ireland,11
1378,Peru,Turkey,11
769,China,Mexico,11
532,Colombia,Costa Rica,11
783,Portugal,Turkey,11
994,Austria,Belgium,11
197,Brazil,Switzerland,11
961,Hungary,Netherlands,11
1375,Mexico,Thailand,11
406,Australia,Russian Federation,11
66,Ghana,Nigeria,11
864,China,Poland,11
637,Belgium,Sweden,11
113,United States,"Venezuela, Bolivarian Republic of",11
426,Greece,Turkey,11
563,Australia,Egypt,11
1370,Argentina,Thailand,11
234,India,"Taiwan, Province of China",11
1455,China,Israel,11
926,France,Norway,11
453,Croatia,Germany,11
217,Chile,Spain,11
1301,Italy,United Arab Emirates,11
458,Spain,Thailand,11
143,Colombia,Peru,11
307,Canada,Ireland,11
889,France,Hong Kong,10
517,Brazil,Chile,10
848,Cameroon,United Kingdom,10
288,Germany,Romania,10
515,Argentina,Puerto Rico,10
779,Hungary,Israel,10
670,Netherlands,Norway,10
459,Croatia,France,10
372,Mexico,Netherlands,10
767,Canada,Egypt,10
995,Austria,Spain,10
187,Denmark,Finland,10
797,Italy,Russian Federation,10
1026,Canada,Greece,10
345,Hong Kong,Thailand,10
428,Rwanda,United Kingdom,10
1036,Brazil,Turkey,10
432,China,South Korea,10
1409,Finland,India,10
164,Egypt,Italy,10
449,Canada,Thailand,10
752,Saudi Arabia,South Africa,10
1075,Malaysia,Thailand,10
1449,Canada,Turkey,10
470,Cameroon,South Africa,10
1171,Brazil,China,10
488,South Africa,Switzerland,10
551,Puerto Rico,Spain,10
1767,India,Qatar,10
1732,Austria,India,10
481,Hong Kong,Italy,10
106,New Zealand,Spain,9
77,Japan,North Macedonia,9
1253,Morocco,United States,9
82,Cameroon,France,9
554,Peru,Puerto Rico,9
1194,Bahrain,Ireland,9
616,Georgia,Japan,9
1343,Slovenia,United Kingdom,9
1351,Peru,Portugal,9
562,Norway,Singapore,9
640,Egypt,Qatar,9
613,Slovakia,United Kingdom,9
598,France,Serbia,9
1377,Peru,Thailand,9
825,Denmark,Egypt,9
724,France,Ireland,9
831,Egypt,Lebanon,9
727,China,Norway,9
97,Belgium,Japan,9
870,Italy,Slovenia,9
913,Egypt,Jordan,9
413,Canada,Tunisia,9
1019,Romania,Turkey,9
165,Egypt,Kuwait,9
1162,Belgium,Poland,9
191,Belgium,Greece,9
819,China,Georgia,9
330,Lebanon,United Kingdom,9
211,Jordan,United Kingdom,9
333,Colombia,Netherlands,9
785,Georgia,Germany,9
19,Austria,Israel,9
229,Mali,United States,9
499,Canada,South Africa,9
1390,Saudi Arabia,Sudan,9
12,Iceland,Sweden,9
1446,Austria,Egypt,9
471,France,South Africa,9
1696,Australia,Ethiopia,9
896,Argentina,Portugal,9
847,Austria,Portugal,9
868,Netherlands,Turkey,9
837,Jersey,United Kingdom,9
503,India,Nigeria,9
1143,Denmark,Greece,9
279,Belgium,China,9
866,Germany,Slovakia,9
618,Germany,Kenya,8
936,India,Oman,8
886,Poland,Singapore,8
893,Bosnia and Herzegovina,Croatia,8
844,Israel,Singapore,8
80,India,Kenya,8
1017,Lebanon,Turkey,8
968,Kuwait,Saudi Arabia,8
970,France,Romania,8
657,Italy,Lebanon,8
63,Japan,Portugal,8
650,Latvia,Lithuania,8
62,France,Saudi Arabia,8
669,Norway,Switzerland,8
676,Pakistan,United Arab Emirates,8
1110,Qatar,United Arab Emirates,8
1098,Brazil,Singapore,8
683,India,Iran,8
1178,Mexico,South Africa,8
1065,France,Russian Federation,8
71,Finland,Netherlands,8
717,Canada,Hungary,8
726,Austria,Romania,8
38,Belgium,Israel,8
1192,Poland,Turkey,8
1008,India,Iraq,8
768,Canada,Georgia,8
980,Canada,New Zealand,8
271,Australia,Sri Lanka,8
1463,Saudi Arabia,Tunisia,8
479,Hong Kong,Spain,8
1561,India,Ireland,8
1876,Finland,Israel,8
1587,Iraq,Malaysia,8
434,Australia,Nepal,8
566,Egypt,Pakistan,8
409,Fiji,New Zealand,8
355,Japan,"Taiwan, Province of China",8
405,Indonesia,Japan,8
1367,Bhutan,United States,8
1453,Malaysia,Pakistan,8
1389,United States,Viet Nam,8
524,Brazil,Saudi Arabia,8
1526,Saudi Arabia,Sweden,8
1369,Argentina,Poland,8
381,Austria,Japan,8
208,Finland,Japan,8
1379,Poland,Portugal,8
1924,Egypt,Iraq,8
439,Mali,Pakistan,8
1611,Hong Kong,Switzerland,8
579,Brazil,Sweden,8
474,Brazil,Denmark,8
597,Finland,Spain,8
1341,Denmark,Slovenia,8
1426,Georgia,United Kingdom,8
1437,Greece,Serbia,8
1448,Brazil,Egypt,8
1347,Mexico,Portugal,8
1685,Uganda,United Kingdom,8
1673,Colombia,France,8
163,India,Nepal,8
1613,Italy,Malaysia,8
1417,Egypt,Turkey,8
1451,Saudi Arabia,Turkey,8
394,Ireland,South Africa,7
1510,Finland,Saudi Arabia,7
1005,China,Lebanon,7
1454,Bahrain,United States,7
697,Austria,Turkey,7
1045,Canada,Poland,7
723,China,Ireland,7
196,Denmark,Turkey,7
1039,Colombia,India,7
710,China,Colombia,7
1027,Brazil,"Venezuela, Bolivarian Republic of",7
189,Finland,Norway,7
750,South Africa,Spain,7
433,Brazil,United Arab Emirates,7
456,Croatia,Spain,7
1845,Brazil,Russian Federation,7
1023,South Africa,Turkey,7
182,Australia,Hungary,7
1488,Austria,Sweden,7
761,Iraq,United Kingdom,7
1478,Australia,Colombia,7
204,Benin,Nigeria,7
386,Denmark,Saudi Arabia,7
20,Austria,Poland,7
817,Finland,Ireland,7
818,Kenya,Nigeria,7
327,Czechia,Germany,7
824,China,New Zealand,7
1612,Malaysia,Switzerland,7
1631,Denmark,Poland,7
910,Jordan,United Arab Emirates,7
1670,Czechia,United States,7
298,Japan,Mexico,7
883,Iceland,United Kingdom,7
882,Finland,Singapore,7
2788,Azerbaijan,United States,7
1703,Ethiopia,South Africa,7
1698,Ethiopia,Germany,7
1793,Egypt,Ireland,7
927,Costa Rica,"Venezuela, Bolivarian Republic of",7
811,Mexico,Pakistan,7
794,Hungary,Romania,7
1524,Poland,Sweden,7
46,Chile,Germany,7
976,Canada,Colombia,7
1552,Brazil,Thailand,7
361,Singapore,Viet Nam,7
964,Algeria,France,7
943,Cyprus,United States,7
342,China,Viet Nam,7
223,Croatia,Greece,7
1565,Costa Rica,United Kingdom,7
348,India,Philippines,7
1566,Costa Rica,India,7
935,Bangladesh,Malaysia,7
932,Canada,Portugal,7
1535,Romania,Spain,7
1365,Sudan,United Kingdom,7
115,France,Morocco,7
1387,Germany,Malaysia,7
1189,Ireland,Japan,7
1381,Portugal,Thailand,7
623,Norway,South Africa,7
2156,Germany,Iran,7
638,Belgium,Congo,7
639,Germany,South Korea,7
617,Australia,Kenya,7
1350,Netherlands,Slovenia,7
615,Ireland,Singapore,7
1413,Turkey,United Arab Emirates,7
679,Georgia,Italy,7
2106,Malawi,United States,7
565,Egypt,New Zealand,7
553,Mexico,Saudi Arabia,7
1195,Bahrain,Qatar,7
590,Bangladesh,Pakistan,7
2287,Ethiopia,Saudi Arabia,7
658,Lebanon,Saudi Arabia,7
1173,Brazil,South Africa,7
585,Germany,Pakistan,7
1309,Australia,Slovenia,7
655,Portugal,Singapore,7
534,Colombia,Puerto Rico,7
606,Austria,China,7
1548,Macao,United States,6
1159,Botswana,United Kingdom,6
1184,Malaysia,Nigeria,6
636,Botswana,United States,6
800,Poland,Russian Federation,6
799,Poland,Romania,6
1562,Canada,Pakistan,6
356,Philippines,Singapore,6
774,Finland,New Zealand,6
1823,Australia,South Korea,6
1374,Mexico,Poland,6
960,Denmark,Hungary,6
1528,Serbia,Turkey,6
548,Ecuador,United States,6
1555,Malaysia,Turkey,6
790,Oman,United States,6
693,Serbia,United Kingdom,6
344,Hong Kong,Philippines,6
1196,Ireland,Qatar,6
278,Israel,Russian Federation,6
1700,Ethiopia,Netherlands,6
1701,Ethiopia,Singapore,6
885,Iceland,Singapore,6
263,Croatia,Netherlands,6
293,Finland,Switzerland,6
894,Bosnia and Herzegovina,Slovenia,6
895,Croatia,Slovenia,6
1672,Colombia,Switzerland,6
1307,South Africa,United Arab Emirates,6
898,Canada,United Arab Emirates,6
1645,Brazil,Greece,6
901,Malaysia,United Arab Emirates,6
906,Israel,South Africa,6
1731,Canada,Iran,6
1636,Norway,Poland,6
2170,Greece,Romania,6
829,Malaysia,Netherlands,6
326,Kuwait,United Kingdom,6
1299,Germany,United Arab Emirates,6
822,Ukraine,United States,6
922,Saudi Arabia,Yemen,6
1786,Algeria,United States,6
574,New Zealand,Singapore,6
1588,Iraq,Saudi Arabia,6
1288,Senegal,United States,6
1285,Pakistan,Turkey,6
205,Singapore,"Taiwan, Province of China",6
2229,Norway,United Arab Emirates,6
438,Germany,Luxembourg,6
466,Japan,Saudi Arabia,6
1972,Malaysia,Spain,6
1398,Netherlands,Russian Federation,6
742,Malaysia,Sweden,6
412,Hungary,Slovenia,6
709,Japan,South Korea,6
1938,Russian Federation,Switzerland,6
599,Poland,Serbia,6
497,Singapore,United Arab Emirates,6
429,Kenya,Rwanda,6
711,Colombia,Germany,6
1846,Russian Federation,Sweden,6
151,Brazil,Hong Kong,6
1136,Tunisia,United Kingdom,6
712,Colombia,Italy,6
1868,Serbia,Switzerland,6
675,Slovakia,Spain,6
1044,Bahrain,United Kingdom,6
1936,Italy,Qatar,6
483,South Korea,United Kingdom,6
1079,Lithuania,Poland,6
404,China,Indonesia,6
765,Egypt,Netherlands,6
764,Egypt,Switzerland,6
200,Jersey,Switzerland,6
1385,Cyprus,Greece,6
757,Bulgaria,United States,6
1839,Greece,Portugal,6
1087,Poland,Slovakia,6
1411,Austria,Brazil,6
1053,Argentina,"Venezuela, Bolivarian Republic of",5
2397,Australia,Viet Nam,5
1617,China,Portugal,5
2230,Lebanon,Norway,5
1677,Slovakia,Switzerland,5
1622,Trinidad and Tobago,United Kingdom,5
1056,Australia,Philippines,5
1415,Algeria,India,5
1634,Ireland,Poland,5
1062,Italy,Philippines,5
1418,Brazil,Lebanon,5
1339,Denmark,Mexico,5
1699,Ethiopia,Italy,5
1717,Syrian Arab Republic,United States,5
1342,Denmark,South Africa,5
1088,Poland,Slovenia,5
903,Israel,Malaysia,5
1424,Finland,Russian Federation,5
1705,Italy,Tunisia,5
1074,Indonesia,Thailand,5
1686,Ghana,Netherlands,5
1338,Germany,Slovenia,5
879,Australia,Iceland,5
1093,Russian Federation,Saudi Arabia,5
1650,Ethiopia,Switzerland,5
1689,Netherlands,Uganda,5
1348,Mexico,Singapore,5
1063,Canada,Russian Federation,5
1064,China,Greece,5
1070,France,Indonesia,5
1837,Russian Federation,Spain,5
1406,Singapore,Sweden,5
2522,Bangladesh,China,5
1504,Colombia,Turkey,5
1018,Lebanon,South Africa,5
1393,Nigeria,United Arab Emirates,5
1182,Ireland,Malaysia,5
1180,South Africa,Sweden,5
1146,Japan,Turkey,5
969,Kuwait,United States,5
1554,Egypt,Malaysia,5
1013,Iraq,Turkey,5
1983,France,Georgia,5
1003,Greece,Norway,5
1386,Canada,Nigeria,5
1168,Argentina,Japan,5
1998,Greece,Israel,5
1516,Greece,Sweden,5
988,Canada,Oman,5
991,Canada,Norway,5
1022,Russian Federation,South Africa,5
1564,Costa Rica,Germany,5
918,Egypt,Germany,5
1142,Canada,Finland,5
1361,Bangladesh,Canada,5
1297,Switzerland,United Arab Emirates,5
1869,Jordan,Qatar,5
1779,Algeria,United Kingdom,5
1133,Malaysia,Philippines,5
1134,Malaysia,Viet Nam,5
1523,Poland,Saudi Arabia,5
1362,Bangladesh,Japan,5
1598,Germany,Qatar,5
1291,Indonesia,Mali,5
2500,Mongolia,United States,5
1366,Australia,Bhutan,5
1034,Brazil,New Zealand,5
1479,Australia,Greece,5
1403,Norway,Portugal,5
940,Canada,Qatar,5
1940,Qatar,Turkey,5
1824,Denmark,Iran,5
1475,Brazil,Poland,5
869,Bahrain,Tunisia,5
482,Hong Kong,Netherlands,5
832,Australia,Jersey,5
417,Chile,Italy,5
419,Japan,Pakistan,5
109,Japan,New Zealand,5
243,Australia,Fiji,5
814,France,RÃ©union,5
447,Canada,Croatia,5
239,Dominica,United States,5
238,Dominica,Dominican Republic,5
139,Israel,Sweden,5
802,Romania,Russian Federation,5
221,Belgium,Hungary,5
678,Indonesia,United Kingdom,5
220,Belgium,Croatia,5
780,Hungary,Portugal,5
736,Argentina,Paraguay,5
525,Chile,Colombia,5
528,Chile,Mexico,5
543,Ecuador,Spain,5
181,Hungary,United Arab Emirates,5
593,France,Guadeloupe,5
784,Canada,"Taiwan, Province of China",5
592,Iceland,Netherlands,5
591,Bulgaria,Poland,5
838,Italy,Jersey,5
827,Mexico,Russian Federation,5
744,India,Jersey,5
385,Denmark,Malaysia,5
845,Indonesia,Netherlands,5
357,Philippines,Thailand,5
748,Argentina,South Africa,5
354,Japan,Viet Nam,5
351,Japan,Philippines,5
685,Japan,South Africa,5
296,Georgia,Hong Kong,5
700,Hungary,Turkey,5
737,Germany,Lebanon,5
733,Greece,Peru,5
725,Bangladesh,Norway,5
393,India,Sri Lanka,5
346,Hong Kong,Viet Nam,5
1889,Egypt,Morocco,4
1303,Netherlands,United Arab Emirates,4
148,Belgium,Brazil,4
1963,China,Ethiopia,4
1294,India,Serbia,4
728,Pakistan,Spain,4
622,Kenya,South Africa,4
614,Qatar,Slovakia,4
1302,Mexico,United Arab Emirates,4
1948,Australia,Georgia,4
1329,Mexico,Switzerland,4
612,Australia,Slovakia,4
2398,United Kingdom,Viet Nam,4
2396,Pakistan,Qatar,4
1945,Hungary,Mexico,4
2402,Japan,United Arab Emirates,4
2431,Russian Federation,Singapore,4
719,Cameroon,Germany,4
1046,Slovakia,Turkey,4
604,Congo,South Africa,4
2301,Iran,Mali,4
2000,Greece,Malaysia,4
1068,Greece,Russian Federation,4
2309,Mexico,New Zealand,4
2282,Ireland,New Zealand,4
1127,Guinea,Papua New Guinea,4
2251,Iran,Iraq,4
2250,Germany,Iraq,4
1149,Morocco,United Kingdom,4
1152,Greece,Ireland,4
1156,Italy,Luxembourg,4
646,Italy,Lithuania,4
1172,Brazil,Malaysia,4
1177,Mexico,Sweden,4
1179,Malaysia,South Africa,4
631,Algeria,Saudi Arabia,4
2314,Saudi Arabia,South Korea,4
130,Croatia,India,4
581,Hong Kong,Sweden,4
2167,Belgium,Romania,4
2142,Czechia,Italy,4
2141,China,Trinidad and Tobago,4
2139,Hungary,Norway,4
2137,Australia,Trinidad and Tobago,4
1072,Hong Kong,Indonesia,4
2088,India,Uganda,4
2049,Australia,Malawi,4
2035,Singapore,Turkey,4
1251,Morocco,Pakistan,4
2002,Greece,Singapore,4
586,Russian Federation,Ukraine,4
516,Argentina,Saudi Arabia,4
1852,Australia,Chile,4
1640,Brazil,Norway,4
1704,India,Tunisia,4
268,Austria,Croatia,4
275,Israel,New Zealand,4
1690,South Africa,Uganda,4
1687,Ghana,Uganda,4
287,Hong Kong,New Zealand,4
1684,Germany,Uganda,4
1679,Belgium,Slovenia,4
397,Luxembourg,United Kingdom,4
1517,Italy,Serbia,4
1675,India,Indonesia,4
1522,Mexico,Serbia,4
1529,Sweden,Turkey,4
304,United Kingdom,Zambia,4
1637,Norway,Slovenia,4
1484,Austria,Greece,4
1632,India,Slovenia,4
1551,Cyprus,Turkey,4
1559,Georgia,Nigeria,4
358,Philippines,Viet Nam,4
1621,Spain,Trinidad and Tobago,4
1569,Kenya,New Zealand,4
1570,Egypt,Poland,4
1620,Malaysia,New Zealand,4
1619,Malaysia,Portugal,4
1578,Ghana,India,4
339,China,Philippines,4
1589,Iraq,United States,4
1601,Australia,Jordan,4
1600,Austria,Malaysia,4
1706,Netherlands,Tunisia,4
1730,Oman,Saudi Arabia,4
1363,China,Finland,4
1800,Bosnia and Herzegovina,United States,4
1364,Canada,Ethiopia,4
571,Italy,Pakistan,4
1849,Bangladesh,Germany,4
176,France,Martinique,4
541,Costa Rica,Saudi Arabia,4
1376,Peru,Poland,4
531,Chile,Saudi Arabia,4
1392,China,Sri Lanka,4
508,Argentina,Chile,4
1817,Guatemala,United States,4
1407,Hungary,India,4
1412,Algeria,United Arab Emirates,4
1414,Algeria,Egypt,4
1420,New Zealand,Sweden,4
472,Malaysia,Russian Federation,4
1736,Egypt,South Africa,4
236,Sudan,Sweden,4
1792,Finland,Slovenia,4
1430,Cyprus,United Kingdom,4
1444,Bangladesh,United Arab Emirates,4
1447,Austria,Saudi Arabia,4
461,Croatia,Japan,4
240,Dominican Republic,United States,4
1766,Latvia,United States,4
441,Australia,Croatia,4
1456,Hong Kong,Israel,4
1457,France,Pakistan,4
1460,Bahrain,Saudi Arabia,4
1461,Germany,Tunisia,4
1750,Belgium,Czechia,4
1035,Mauritius,United States,4
2112,Rwanda,South Africa,4
1599,Nepal,Netherlands,4
941,Malaysia,Peru,4
745,Georgia,Qatar,4
1021,Russian Federation,Turkey,4
912,Egypt,France,4
786,Georgia,Netherlands,4
880,Finland,Iceland,4
798,Italy,Ukraine,4
771,Iran,Italy,4
990,Germany,Serbia,4
962,Belgium,Benin,4
2476,Norway,Ukraine,4
2477,Sweden,Ukraine,4
989,Bosnia and Herzegovina,Serbia,4
29,Lebanon,Netherlands,4
2548,China,Nigeria,4
773,Canada,Kenya,4
808,Bangladesh,Nigeria,4
843,Hungary,Jersey,4
984,Kuwait,United Arab Emirates,4
793,Hungary,Poland,4
1030,Puerto Rico,"Venezuela, Bolivarian Republic of",4
2501,Australia,Nigeria,4
876,Czechia,Spain,4
738,Ethiopia,Kenya,4
1464,France,Luxembourg,3
907,Cameroon,Canada,3
2173,Portugal,Romania,3
1751,Czechia,Switzerland,3
2004,Greece,South Africa,3
1465,France,Qatar,3
1993,Georgia,Singapore,3
1508,Finland,Kuwait,3
1743,Australia,Ghana,3
1252,Morocco,Turkey,3
2503,New Zealand,South Africa,3
1756,Ireland,Sri Lanka,3
270,Croatia,Denmark,3
2695,Pakistan,Poland,3
813,Nigeria,Saudi Arabia,3
1987,Georgia,Greece,3
812,Nigeria,Pakistan,3
1982,Ethiopia,Turkey,3
2737,Egypt,Nigeria,3
1757,Egypt,Hong Kong,3
929,Argentina,Ireland,3
810,Mexico,Nigeria,3
1450,Saudi Arabia,Switzerland,3
1193,Finland,Hungary,3
931,Canada,Jersey,3
1973,Paraguay,Spain,3
1768,Argentina,Denmark,3
1281,Oman,Pakistan,3
2020,Israel,Kenya,3
1688,Ghana,South Africa,3
1470,North Macedonia,United Kingdom,3
267,Mauritius,United Kingdom,3
997,Estonia,France,3
1702,Ethiopia,Tunisia,3
1697,Australia,Tunisia,3
2154,Azerbaijan,Canada,3
760,Bosnia and Herzegovina,Germany,3
265,Australia,Mauritius,3
116,France,Senegal,3
836,Denmark,Thailand,3
250,United States,Zimbabwe,3
1220,Bangladesh,Turkey,3
2134,Benin,India,3
2133,Benin,Congo,3
1707,Singapore,Tunisia,3
1708,South Africa,Tunisia,3
1710,Brazil,Ghana,3
915,Jordan,Lebanon,3
1483,Austria,Finland,3
1724,Costa Rica,Thailand,3
2095,Kenya,Malawi,3
1770,Argentina,Netherlands,3
418,Switzerland,Tunisia,3
1477,Lithuania,United Kingdom,3
770,China,Iran,3
1728,Greece,Thailand,3
1506,Serbia,Spain,3
917,China,Egypt,3
248,Finland,Lithuania,3
2087,India,Malawi,3
2547,Nigeria,Switzerland,3
1961,Kenya,Switzerland,3
1816,Guatemala,India,3
1855,Canada,Chile,3
1820,Austria,Luxembourg,3
1858,Chile,India,3
1356,Portugal,South Africa,3
169,Hungary,Slovakia,3
1870,Hong Kong,United Arab Emirates,3
966,United States,Uruguay,3
1774,Algeria,Canada,3
583,Egypt,Mexico,3
967,Malaysia,Yemen,3
1346,Israel,Slovenia,3
595,Spain,Uruguay,3
1410,Brazil,Ireland,3
491,Myanmar,United States,3
575,Pakistan,Singapore,3
1401,Philippines,Spain,3
1399,Lebanon,New Zealand,3
556,Puerto Rico,Saudi Arabia,3
791,Germany,Ukraine,3
1825,Georgia,Israel,3
1395,Albania,Italy,3
1843,Denmark,Qatar,3
1394,Egypt,Israel,3
511,Argentina,Ecuador,3
535,Colombia,Saudi Arabia,3
1827,China,Rwanda,3
530,Chile,Puerto Rico,3
529,Chile,Peru,3
954,Croatia,Turkey,3
213,Iceland,Italy,3
527,Chile,Ecuador,3
796,Hungary,Ukraine,3
1416,Algeria,Turkey,3
487,Switzerland,Thailand,3
1790,Poland,South Africa,3
626,Israel,Saudi Arabia,3
934,Jersey,Portugal,3
1293,Australia,Serbia,3
1190,Aruba,United States,3
621,Kenya,Singapore,3
1955,Brazil,Paraguay,3
468,Australia,Cameroon,3
776,Congo,Germany,3
1787,Algeria,South Africa,3
1788,Israel,Romania,3
1789,Netherlands,Romania,3
2553,Germany,Nigeria,3
2554,Ethiopia,Nigeria,3
1944,Argentina,Belgium,3
1431,Cyprus,India,3
1802,Turkey,Ukraine,3
162,Germany,Indonesia,3
804,Croatia,Israel,3
1032,Ireland,Mexico,3
803,Romania,Ukraine,3
1923,Austria,Ireland,3
1918,India,Puerto Rico,3
1917,Romania,Slovakia,3
1912,Ethiopia,France,3
1324,Belize,United States,3
1326,Canada,Peru,3
1423,Denmark,Russian Federation,3
1799,Japan,Norway,3
1897,Morocco,Saudi Arabia,3
1801,Mexico,Panama,3
1683,Germany,Ghana,3
2150,Armenia,United States,3
1556,Algeria,Italy,3
857,Kenya,Senegal,3
2296,Malta,United Kingdom,3
2479,Netherlands,Saudi Arabia,3
1103,India,Kuwait,3
1563,Costa Rica,Switzerland,3
1014,Iraq,South Africa,3
1099,Australia,Czechia,3
1097,Iceland,Switzerland,3
1012,Iraq,Russian Federation,3
2313,Bangladesh,South Korea,3
1092,Bahrain,Iran,3
1091,Czechia,Slovenia,3
1090,Slovakia,Slovenia,3
1089,Czechia,Poland,3
2320,Bangladesh,Singapore,3
1627,Slovakia,United States,3
2288,India,Jordan,3
2248,New Zealand,Saudi Arabia,3
364,"Taiwan, Province of China",Viet Nam,3
2480,Bahrain,United Arab Emirates,3
1132,Indonesia,Viet Nam,3
2255,Bangladesh,Poland,3
1129,New Zealand,Papua New Guinea,3
1010,Iraq,Lebanon,3
1126,Guinea,New Zealand,3
2262,Lithuania,Norway,3
2283,Norway,Saudi Arabia,3
362,Thailand,Viet Nam,3
2270,Egypt,Philippines,3
2182,Croatia,Portugal,3
2277,Norway,Pakistan,3
2278,Pakistan,Slovakia,3
1011,Iraq,Romania,3
2323,Oman,United Arab Emirates,3
1083,Latvia,Poland,3
859,Malaysia,Oman,3
1605,Bulgaria,Canada,3
2474,Hong Kong,Norway,3
1582,Pakistan,Russian Federation,3
2403,Colombia,Israel,3
1606,Bulgaria,United Kingdom,3
1052,Iran,Spain,3
2405,Colombia,Singapore,3
1049,Hungary,Japan,3
1081,Lithuania,Slovenia,3
1585,Indonesia,Saudi Arabia,3
335,Netherlands,Panama,3
1604,Trinidad and Tobago,United States,3
1043,Georgia,Sweden,3
1042,Egypt,Sweden,3
1029,Mexico,"Venezuela, Bolivarian Republic of",3
2401,Colombia,United Arab Emirates,3
1058,Germany,Philippines,3
716,India,Morocco,3
42,Chile,Switzerland,3
708,Hong Kong,Pakistan,3
2395,Malaysia,Poland,3
1581,Israel,Latvia,3
877,Iceland,Japan,3
1579,Ghana,Lebanon,3
1020,Romania,South Africa,3
2861,Italy,Nigeria,3
1608,Bulgaria,Lithuania,3
749,Costa Rica,South Africa,3
1618,Hungary,Malaysia,3
2369,Denmark,Ukraine,3
1571,Lebanon,Poland,3
689,Ireland,Israel,3
754,Libya,Saudi Arabia,3
526,Chile,Costa Rica,3
1664,Czechia,Denmark,3
374,Netherlands,Peru,3
644,India,Lithuania,3
1525,Saudi Arabia,Serbia,3
1166,Argentina,Hong Kong,3
1002,Estonia,Norway,3
1147,Bulgaria,Italy,3
1648,Belgium,Iceland,3
1176,Malaysia,Mexico,3
2221,Bangladesh,Indonesia,3
1678,Belgium,Russian Federation,3
1174,Hong Kong,Mexico,3
2484,Qatar,Saudi Arabia,3
897,Germany,Iceland,3
1154,Ireland,Luxembourg,3
1006,China,Romania,3
2490,Jordan,Turkey,3
842,Netherlands,Thailand,3
2193,Belgium,Luxembourg,3
2742,Antigua and Barbuda,United States,3
1543,Hong Kong,Turkey,3
1514,Greece,Mexico,3
850,Cameroon,Kenya,3
2245,South Africa,Trinidad and Tobago,3
2208,Bahrain,Kuwait,3
1183,Ireland,Saudi Arabia,3
1186,Finland,Latvia,3
900,Israel,United Arab Emirates,3
892,Belgium,Georgia,3
840,Jersey,Singapore,3
2189,Slovenia,Spain,3
1807,Romania,Slovenia,2
1674,Brazil,Pakistan,2
1665,Japan,Serbia,2
2847,Hong Kong,Nigeria,2
2632,Canada,Panama,2
1814,Costa Rica,Guatemala,2
1614,Azerbaijan,Turkey,2
2643,Germany,Panama,2
318,Cuba,United States,2
2853,Indonesia,Nigeria,2
1803,Pakistan,Viet Nam,2
224,Greece,Hungary,2
2748,Ireland,United Arab Emirates,2
2766,Azerbaijan,United Kingdom,2
310,Australia,New Caledonia,2
266,Finland,Mauritius,2
283,Estonia,Sweden,2
1830,Chile,Poland,2
2938,Morocco,Ukraine,2
2928,Malta,United States,2
1602,Nigeria,Tunisia,2
2741,Russian Federation,United Arab Emirates,2
2598,Australia,Panama,2
2864,Japan,Nigeria,2
2602,Benin,Canada,2
2606,Benin,United Kingdom,2
2614,Benin,United States,2
2733,Pakistan,South Africa,2
1692,Iran,Qatar,2
2616,Bhutan,Canada,2
1693,Netherlands,Slovakia,2
1821,Cameroon,India,2
2732,Bangladesh,South Africa,2
291,Australia,Samoa,2
1819,Malta,Netherlands,2
2620,Bhutan,United Kingdom,2
2597,Australia,Mongolia,2
2736,Turkey,Viet Nam,2
2731,Bangladesh,Russian Federation,2
2649,Panama,Spain,2
1628,Austria,United Arab Emirates,2
1651,Cuba,Ecuador,2
1778,Algeria,Spain,2
2726,Jordan,Malaysia,2
1646,Cyprus,Germany,2
1773,Brazil,Romania,2
2668,India,Seychelles,2
1772,Algeria,Brazil,2
1643,Nigeria,Thailand,2
315,Cuba,United Kingdom,2
2776,Azerbaijan,Nigeria,2
1630,Russian Federation,Slovakia,2
2803,Brazil,Nigeria,2
2792,Bangladesh,Spain,2
1742,Indonesia,Pakistan,2
2681,Panama,South Africa,2
1633,Ireland,Norway,2
1635,Ireland,Slovenia,2
2694,Hong Kong,Russian Federation,2
1639,Bangladesh,Brazil,2
2685,Seychelles,United States,2
1638,Netherlands,Suriname,2
1755,Canada,Morocco,2
2689,Togo,United States,2
2692,Timor-Leste,United States,2
9,Jordan,Poland,2
1729,Lebanon,Thailand,2
1652,Bosnia and Herzegovina,Bulgaria,2
2842,Greece,Nigeria,2
1781,Algeria,Mexico,2
1623,Austria,Hong Kong,2
1625,Italy,Montenegro,2
1753,Czechia,Netherlands,2
1798,France,Iceland,2
2654,Mongolia,United Kingdom,2
1662,Samoa,United States,2
1712,Egypt,Ghana,2
226,Croatia,Hungary,2
1718,Guinea,United Kingdom,2
2655,Panama,United Kingdom,2
1659,Bosnia and Herzegovina,Poland,2
2834,France,Nigeria,2
1723,Costa Rica,Lebanon,2
1658,Bosnia and Herzegovina,Lithuania,2
1725,Costa Rica,Turkey,2
2825,Ethiopia,Norway,2
1655,Bulgaria,Slovenia,2
2730,Bangladesh,France,2
2820,Nigeria,Spain,2
2667,India,Panama,2
1626,Hungary,Serbia,2
2818,Egypt,Russian Federation,2
1782,Algeria,Netherlands,2
1653,Bulgaria,Hungary,2
1727,Greece,Lebanon,2
1680,China,Slovenia,2
2440,Argentina,Austria,2
1831,Sri Lanka,United States,2
2213,Bhutan,India,2
2197,Finland,Portugal,2
2487,Morocco,United Arab Emirates,2
2199,Croatia,Ireland,2
2202,Croatia,Poland,2
2203,Ireland,Portugal,2
2204,Luxembourg,Netherlands,2
2205,Luxembourg,Poland,2
2209,China,Qatar,2
2210,Germany,Mongolia,2
2212,Egypt,Greece,2
2218,Morocco,Tunisia,2
2192,Belgium,Finland,2
2220,Bangladesh,Egypt,2
2223,Egypt,Indonesia,2
2225,Sweden,Uganda,2
2226,China,Malawi,2
2227,Nigeria,Viet Nam,2
2483,Kuwait,Qatar,2
99,Belgium,New Zealand,2
2231,Hungary,Ireland,2
2234,Greece,Slovenia,2
2236,Serbia,Slovenia,2
2196,Finland,Peru,2
2190,Kazakhstan,Turkey,2
2238,Egypt,Oman,2
2159,Japan,Jordan,2
2136,Japan,Lebanon,2
2516,Italy,San Marino,2
2510,Argentina,Singapore,2
2147,Spain,"Venezuela, Bolivarian Republic of",2
2148,Tunisia,United Arab Emirates,2
2149,China,Tonga,2
2151,Australia,"Taiwan, Province of China",2
2153,Chile,Netherlands,2
2155,Azerbaijan,Saudi Arabia,2
2157,Hong Kong,Portugal,2
2162,Brazil,Philippines,2
2186,Australia,Timor-Leste,2
2163,Israel,Philippines,2
2508,Brunei Darussalam,India,2
2169,Romania,Switzerland,2
2172,Norway,Turkey,2
2502,New Zealand,Nigeria,2
2174,Romania,Sweden,2
2176,Armenia,Canada,2
2178,Croatia,Estonia,2
2181,Estonia,Turkey,2
2183,Croatia,Romania,2
2237,Georgia,Viet Nam,2
2240,Iraq,Oman,2
1835,Iran,Sweden,2
2394,Hong Kong,Poland,2
2352,Luxembourg,Slovenia,2
2355,Argentina,Russian Federation,2
2360,Bulgaria,France,2
2375,Oman,Romania,2
2378,Estonia,India,2
2475,Hong Kong,Ukraine,2
2380,New Zealand,Uganda,2
2381,Luxembourg,Spain,2
2384,Denmark,Greenland,2
2385,Australia,Costa Rica,2
2473,Spain,Ukraine,2
2338,Montenegro,United States,2
2404,Colombia,Japan,2
2406,New Zealand,United Arab Emirates,2
2407,Algeria,Lebanon,2
2412,Iran,Russian Federation,2
2452,Dominican Republic,United Kingdom,2
2426,Iran,Poland,2
2430,Iraq,Poland,2
2438,Mauritius,Switzerland,2
2447,Dominica,United Kingdom,2
2439,Iran,Turkey,2
2346,Denmark,Pakistan,2
2329,Oman,United Kingdom,2
2243,Finland,United Arab Emirates,2
2266,Bangladesh,Italy,2
2244,Singapore,South Korea,2
2246,Greece,United Arab Emirates,2
2247,Mongolia,Singapore,2
2256,Bangladesh,Qatar,2
2257,Poland,Qatar,2
2258,Argentina,New Zealand,2
2259,Estonia,Lithuania,2
2260,Estonia,Latvia,2
2261,Croatia,Norway,2
2263,Latvia,Norway,2
2273,Ecuador,Italy,2
2328,Montenegro,United Kingdom,2
2285,Ethiopia,United Arab Emirates,2
2291,Argentina,Serbia,2
2295,China,Malta,2
2297,Hong Kong,Malta,2
2299,Poland,United Arab Emirates,2
2304,Germany,Guatemala,2
2305,Guatemala,Spain,2
2311,Georgia,Thailand,2
2319,Canada,Iraq,2
2321,Iraq,United Arab Emirates,2
2135,Congo,India,2
2132,Georgia,Portugal,2
2131,Iran,Switzerland,2
1915,Qatar,Spain,2
2557,Japan,Tunisia,2
1891,Jordan,Morocco,2
1892,Jordan,Pakistan,2
1893,Jordan,Sudan,2
1899,Pakistan,Sudan,2
2556,Nigeria,Singapore,2
1900,Sudan,United States,2
1908,Israel,Norway,2
1909,Ireland,Thailand,2
1913,Brazil,Qatar,2
1922,Georgia,Jersey,2
1883,Norway,Slovakia,2
166,Italy,Kuwait,2
1925,Egypt,Tunisia,2
1935,Colombia,Russian Federation,2
1937,Belgium,Norway,2
1939,Norway,Russian Federation,2
2552,Colombia,South Africa,2
1950,Brazil,Ethiopia,2
1951,Brazil,Georgia,2
2551,Colombia,New Zealand,2
1952,Brazil,Croatia,2
1886,Algeria,Morocco,2
2562,Nepal,Singapore,2
2130,Austria,Norway,2
2580,Saudi Arabia,Singapore,2
2591,South Korea,Viet Nam,2
1838,France,Slovakia,2
2590,Malawi,New Zealand,2
1841,Portugal,Russian Federation,2
2589,Malawi,Mexico,2
2588,Kenya,Mexico,2
2585,Argentina,Greece,2
1847,Hungary,Tunisia,2
1851,Colombia,Kenya,2
2584,Argentina,Switzerland,2
2574,Italy,Uganda,2
1881,Chile,Slovakia,2
1853,Australia,Rwanda,2
1857,Chile,China,2
1863,India,Rwanda,2
174,Barbados,United Kingdom,2
1871,Philippines,United Arab Emirates,2
1872,Thailand,United Arab Emirates,2
2571,Ghana,Italy,2
2566,Brazil,Uganda,2
1878,Haiti,United States,2
1879,Chile,France,2
1953,Brazil,Indonesia,2
1956,Brazil,Tunisia,2
1957,Canada,Indonesia,2
2051,Australia,Uganda,2
2017,Indonesia,Turkey,2
2018,Indonesia,South Africa,2
2026,Kenya,Netherlands,2
2030,Malaysia,Tunisia,2
2036,Tunisia,Turkey,2
2037,Bangladesh,Nepal,2
2040,Algeria,Japan,2
2041,France,Iran,2
2043,Nepal,United Kingdom,2
2045,Ireland,Romania,2
2070,Switzerland,Uganda,2
1959,Georgia,Switzerland,2
2085,Mali,United Kingdom,2
2518,Nepal,Thailand,2
117,Morocco,Senegal,2
1595,Ireland,Sudan,2
2115,Romania,Singapore,2
2116,Sweden,United Arab Emirates,2
2117,Japan,Mali,2
2118,Japan,Mongolia,2
2121,India,Ukraine,2
2122,Slovakia,Ukraine,2
2016,Indonesia,Tunisia,2
2013,Indonesia,Italy,2
2007,Croatia,Malaysia,2
2003,Greece,Tunisia,2
1960,Indonesia,Switzerland,2
1964,China,Kenya,2
1966,China,Tunisia,2
1968,Ethiopia,Spain,2
1969,Georgia,Spain,2
1970,Indonesia,Spain,2
2535,Georgia,Russian Federation,2
1974,Spain,Tunisia,2
1975,Ethiopia,Georgia,2
1976,Ethiopia,Greece,2
1978,Ethiopia,Indonesia,2
1979,Ethiopia,Israel,2
1980,Ethiopia,Malaysia,2
2527,Australia,Iran,2
1989,Georgia,Indonesia,2
1991,Georgia,Malaysia,2
1994,Georgia,Tunisia,2
1995,Georgia,Turkey,2
1996,Georgia,South Africa,2
1997,Greece,Indonesia,2
2521,Iraq,Spain,2
1927,Hong Kong,Iceland,2
2949,Jordan,Romania,2
1471,Greece,North Macedonia,2
451,China,Croatia,2
928,Peru,"Venezuela, Bolivarian Republic of",2
1164,Argentina,China,2
887,Iceland,Saudi Arabia,2
855,Ghana,Kenya,2
1315,Belize,United Kingdom,2
647,Italy,Latvia,2
1169,Argentina,Malaysia,2
815,Poland,Tunisia,2
985,Jordan,Kuwait,2
1237,India,Senegal,2
1452,Iceland,Norway,2
1175,Hong Kong,South Africa,2
1467,Germany,North Macedonia,2
1040,Australia,Iraq,2
1236,India,Mauritius,2
467,Saudi Arabia,Thailand,2
1443,Cyprus,Iran,2
1442,Canada,South Korea,2
1181,Bangladesh,Ireland,2
854,Senegal,United Kingdom,2
1441,Austria,Philippines,2
1440,New Zealand,Serbia,2
641,Lithuania,Switzerland,2
1438,Jersey,New Zealand,2
1466,Belgium,North Macedonia,2
1468,Denmark,North Macedonia,2
1436,Greece,New Zealand,2
1482,Austria,Colombia,2
1306,Slovenia,United Arab Emirates,2
666,Nauru,Solomon Islands,2
974,Croatia,Switzerland,2
664,Australia,Solomon Islands,2
975,Eritrea,United States,2
610,Hong Kong,Saudi Arabia,2
860,United States,Zambia,2
663,Australia,Nauru,2
807,Bangladesh,Mexico,2
933,Germany,Jersey,2
858,Nigeria,Senegal,2
1150,Austria,Slovenia,2
653,Latvia,Portugal,2
1480,Australia,Kuwait,2
1153,Greece,Luxembourg,2
420,Lebanon,Qatar,2
979,Cameroon,Italy,2
1473,Netherlands,North Macedonia,2
1472,Italy,North Macedonia,2
830,Denmark,Lebanon,2
1155,Ireland,Peru,2
1157,Luxembourg,Peru,2
1469,North Macedonia,Spain,2
1158,Oman,Turkey,2
1185,Croatia,Finland,2
1433,Cyprus,New Zealand,2
720,Cameroon,Portugal,2
555,Peru,Saudi Arabia,2
996,Estonia,Spain,2
998,Estonia,United Kingdom,2
1024,Bahrain,Lebanon,2
1209,Afghanistan,Turkey,2
533,Colombia,Ecuador,2
1210,Afghanistan,United States,2
1016,Lebanon,Russian Federation,2
1015,Lebanon,Romania,2
751,Puerto Rico,South Africa,2
602,China,Congo,2
547,Ecuador,Saudi Arabia,2
1215,Bangladesh,Maldives,2
1334,Cameroon,Netherlands,2
567,Egypt,Singapore,2
999,Estonia,Greece,2
846,Czechia,Egypt,2
756,Bulgaria,Serbia,2
596,Canada,Sri Lanka,2
1217,Bangladesh,Mauritius,2
1000,Estonia,Italy,2
1004,China,Iraq,2
758,China,Serbia,2
839,Jersey,Netherlands,2
916,India,Libya,2
1388,Germany,Viet Nam,2
1391,Belgium,Sri Lanka,2
1187,Croatia,Lithuania,2
632,Luxembourg,Portugal,2
1188,Croatia,Latvia,2
634,Portugal,Saudi Arabia,2
1428,Georgia,Pakistan,2
1427,Georgia,Mexico,2
986,Kuwait,Lebanon,2
1234,India,Maldives,2
1327,Canada,Slovenia,2
1425,Ireland,Russian Federation,2
1422,Mexico,Romania,2
852,Cameroon,Senegal,2
795,Hungary,Russian Federation,2
490,Myanmar,Thailand,2
1332,Cameroon,Israel,2
987,Germany,Latvia,2
1328,Cameroon,Switzerland,2
1330,Slovenia,Switzerland,2
851,Cameroon,Nigeria,2
1408,Hungary,Singapore,2
493,South Africa,Thailand,2
1405,Philippines,South Africa,2
1404,Philippines,Portugal,2
498,New Zealand,"Taiwan, Province of China",2
763,Egypt,Romania,2
505,Ireland,Lebanon,2
1305,Portugal,United Arab Emirates,2
834,China,Jersey,2
946,Denmark,New Zealand,2
627,Algeria,Denmark,2
1538,Namibia,South Africa,2
1080,Lithuania,Slovakia,2
1118,Mali,Senegal,2
801,Poland,Ukraine,2
1076,Hungary,Lithuania,2
1109,Chile,Turkey,2
686,Japan,Jersey,2
1067,Greece,Japan,2
939,Serbia,United Arab Emirates,2
1121,Lebanon,Malaysia,2
688,Sudan,United Arab Emirates,2
1542,Hong Kong,Romania,2
949,Montserrat,Spain,2
1583,Iraq,Italy,2
703,Netherlands,Paraguay,2
628,Denmark,Luxembourg,2
1515,Greece,Saudi Arabia,2
1114,Kenya,Zambia,2
1534,Republic of Korea,South Korea,2
1078,Czechia,Hungary,2
1112,Czechia,United Kingdom,2
965,Iran,Malaysia,2
1279,Nigeria,Turkey,2
1536,France,Slovenia,2
696,Austria,New Zealand,2
1537,Italy,Namibia,2
1567,Costa Rica,Italy,2
1492,Bulgaria,Greece,2
681,Grenada,United States,2
1276,Mauritius,Turkey,2
1111,Peru,Switzerland,2
701,New Zealand,Turkey,2
1122,Japan,Slovakia,2
1544,India,Macao,2
1082,Czechia,Lithuania,2
1593,Brunei Darussalam,Saudi Arabia,2
1061,Croatia,Philippines,2
1059,France,Philippines,2
673,Cuba,Spain,2
1245,Kenya,Turkey,2
1135,Australia,Bulgaria,2
1501,Colombia,Poland,2
792,Ukraine,United Kingdom,2
1499,Colombia,Greece,2
875,Oman,Qatar,2
1057,Belgium,Philippines,2
1300,Denmark,United Arab Emirates,2
1256,Maldives,Mauritius,2
878,Belarus,Italy,2
1139,India,Trinidad and Tobago,2
1054,Austria,Slovakia,2
363,"Taiwan, Province of China",Thailand,2
410,Cameroon,Hungary,2
1507,Finland,Greece,2
1107,Kuwait,Turkey,2
1590,Egypt,Viet Nam,2
1123,Australia,Guinea,2
1124,Australia,Papua New Guinea,2
1125,Guinea,India,2
938,Georgia,South Korea,2
1568,New Zealand,Viet Nam,2
398,Luxembourg,United States,2
1131,Indonesia,Philippines,2
2515,Italy,Sudan,1
957,Italy,Montserrat,1
2586,Colombia,Malaysia,1
2517,Georgia,Nepal,1
959,Montserrat,Turkey,1
2514,Jordan,Libya,1
956,Israel,Montserrat,1
2587,Colombia,Thailand,1
766,Mali,Thailand,1
2513,Libya,United Kingdom,1
963,Benin,France,1
2519,China,Ghana,1
2558,Brazil,Iran,1
2512,Poland,South Korea,1
2599,Australia,Seychelles,1
2496,Bosnia and Herzegovina,France,1
2497,Bosnia and Herzegovina,Italy,1
2604,Benin,Germany,1
2498,Bosnia and Herzegovina,Singapore,1
2499,Brazil,Mozambique,1
34,Congo,Italy,1
1001,Estonia,Netherlands,1
2603,Benin,Costa Rica,1
951,France,Montserrat,1
2601,Benin,Bhutan,1
2600,Australia,Togo,1
2504,Italy,Mozambique,1
2511,Ecuador,South Korea,1
952,Montserrat,United Kingdom,1
2505,Ireland,South Korea,1
953,Croatia,Montserrat,1
2506,Bahrain,Egypt,1
2507,Denmark,South Korea,1
2595,Australia,Benin,1
2594,Denmark,Saint Kitts and Nevis,1
2593,Canada,Saint Kitts and Nevis,1
2592,Cameroon,Ireland,1
2509,Slovenia,Sweden,1
955,Hungary,Montserrat,1
2596,Australia,Guatemala,1
2528,Algeria,Nigeria,1
2583,Greenland,New Zealand,1
2520,Aruba,Brazil,1
2538,Chile,Romania,1
971,Germany,Madagascar,1
2565,Guernsey,United Kingdom,1
2539,Chile,Ukraine,1
2540,Ecuador,Pakistan,1
2564,Bangladesh,Thailand,1
2541,Ecuador,Romania,1
2542,Ecuador,Slovakia,1
2543,Ecuador,Turkey,1
2544,Ecuador,Ukraine,1
2545,Pakistan,Romania,1
2546,Pakistan,Ukraine,1
982,Canada,Uganda,1
981,Belgium,Uganda,1
2549,Colombia,Ethiopia,1
2550,Colombia,Nigeria,1
2563,New Zealand,Vanuatu,1
972,Kenya,Madagascar,1
2561,Iceland,Jersey,1
978,France,Monaco,1
2560,Malawi,Peru,1
977,Barbados,Serbia,1
2559,Ireland,Nigeria,1
2555,Ethiopia,New Zealand,1
973,Estonia,United States,1
2567,Ghana,Switzerland,1
2537,Chile,Pakistan,1
2536,New Zealand,Russian Federation,1
2576,Saudi Arabia,Uganda,1
772,Iran,Mexico,1
2582,Greenland,United Kingdom,1
2523,Cyprus,Ethiopia,1
2524,Italy,Kazakhstan,1
2581,Denmark,Mongolia,1
2525,Kazakhstan,Serbia,1
2526,Kazakhstan,United States,1
789,Oman,Serbia,1
2579,Nepal,Saudi Arabia,1
2578,Austria,Jordan,1
2577,Albania,United Arab Emirates,1
2529,Iraq,Yemen,1
2568,Costa Rica,Ghana,1
2575,Norway,Uganda,1
2530,Bangladesh,Brunei Darussalam,1
2531,New Zealand,South Korea,1
2532,Hong Kong,Peru,1
2533,Ecuador,Uruguay,1
2573,Ghana,Saudi Arabia,1
2572,Ghana,Norway,1
787,Angola,Portugal,1
2570,Costa Rica,Uganda,1
2534,Georgia,New Zealand,1
2569,Costa Rica,Norway,1
1594,Bahrain,Sudan,1
741,Finland,Malaysia,1
2495,Bosnia and Herzegovina,Spain,1
2382,Czechia,Ireland,1
2390,Costa Rica,Japan,1
2389,Costa Rica,Israel,1
2388,Costa Rica,Hong Kong,1
2387,Costa Rica,Denmark,1
2386,China,Costa Rica,1
2383,Czechia,Luxembourg,1
702,Colombia,Paraguay,1
2392,Costa Rica,Poland,1
2379,Estonia,Saudi Arabia,1
699,Hungary,New Zealand,1
2377,Australia,Estonia,1
2376,Iraq,New Zealand,1
2374,South Africa,Ukraine,1
2373,Japan,Ukraine,1
2391,Costa Rica,Malaysia,1
2393,Costa Rica,Singapore,1
2415,Philippines,Saudi Arabia,1
1048,Jamaica,South Africa,1
2413,Peru,Sweden,1
1047,Jersey,Lebanon,1
2411,Bahrain,Russian Federation,1
2410,Iceland,Thailand,1
2409,"Taiwan, Province of China",Turkey,1
2408,Bangladesh,"Taiwan, Province of China",1
1050,Canada,Yemen,1
706,United Arab Emirates,"Venezuela, Bolivarian Republic of",1
1051,Oman,Yemen,1
718,Iran,Yemen,1
2400,Jordan,South Korea,1
2399,China,Yemen,1
714,Bosnia and Herzegovina,Switzerland,1
707,Argentina,Jersey,1
2372,Israel,Ukraine,1
2371,Hungary,South Africa,1
2370,France,Ukraine,1
2342,Slovenia,Zimbabwe,1
2349,Macao,Mali,1
2348,Austria,Iraq,1
2347,Gibraltar,Spain,1
2345,Sweden,Thailand,1
2344,Austria,Thailand,1
2343,Japan,Kuwait,1
2341,Oman,Zimbabwe,1
690,Saudi Arabia,"Venezuela, Bolivarian Republic of",1
2340,Oman,Slovenia,1
2339,Montenegro,Zimbabwe,1
2337,Montenegro,Slovenia,1
2336,Montenegro,Oman,1
2335,Iraq,Zimbabwe,1
2334,Iraq,Slovenia,1
2350,France,Gabon,1
2351,Australia,Luxembourg,1
2353,Argentina,Bulgaria,1
2354,Argentina,Hungary,1
1077,Hungary,Latvia,1
2356,Argentina,Ukraine,1
2357,Brazil,Bulgaria,1
2358,Bulgaria,Germany,1
2359,Bulgaria,Denmark,1
2361,Bulgaria,Israel,1
2362,Bulgaria,Japan,1
2363,Bulgaria,Russian Federation,1
2364,Bulgaria,Ukraine,1
2365,Bulgaria,South Africa,1
2366,Brazil,Hungary,1
2367,Brazil,Ukraine,1
2368,Canada,Ukraine,1
2414,Denmark,Philippines,1
2416,French Guiana,Guadeloupe,1
2494,Australia,Bosnia and Herzegovina,1
2462,Portugal,Puerto Rico,1
2468,Croatia,New Zealand,1
2467,Cyprus,Slovenia,1
2466,Cyprus,Italy,1
2465,Croatia,Cyprus,1
2464,Canada,Cyprus,1
2463,China,Cyprus,1
2461,Malaysia,Puerto Rico,1
2470,Oman,Thailand,1
2460,Italy,Puerto Rico,1
2459,France,Puerto Rico,1
2458,Puerto Rico,Switzerland,1
2457,Canada,Puerto Rico,1
2456,Australia,Puerto Rico,1
2455,Saudi Arabia,Trinidad and Tobago,1
2469,New Zealand,Slovenia,1
2471,Germany,Mozambique,1
2417,Guadeloupe,Guyana,1
2485,Myanmar,Philippines,1
2493,Morocco,South Africa,1
2492,Lebanon,Morocco,1
2491,Jordan,South Africa,1
2489,Iraq,Morocco,1
2488,Iraq,Jordan,1
2486,Greece,Ukraine,1
755,Bulgaria,China,1
2472,Mozambique,United Kingdom,1
2482,Kuwait,Oman,1
2481,Bahrain,Oman,1
753,Egypt,Libya,1
2478,Bahrain,Netherlands,1
746,Algeria,Belgium,1
743,Oman,Sweden,1
2454,Dominican Republic,New Zealand,1
2453,Dominican Republic,Italy,1
2451,Dominican Republic,France,1
2425,Croatia,Syrian Arab Republic,1
1041,Iraq,Sweden,1
722,Portugal,South Korea,1
2429,Bangladesh,Iraq,1
2428,New Zealand,Norway,1
2427,Jersey,Norway,1
721,Cameroon,South Korea,1
2424,Syrian Arab Republic,United Kingdom,1
2450,Dominican Republic,Spain,1
2423,Canada,Syrian Arab Republic,1
2422,Latvia,"Taiwan, Province of China",1
2421,Lithuania,"Taiwan, Province of China",1
2420,France,Guyana,1
2419,France,French Guiana,1
2418,French Guiana,Guyana,1
2432,Macao,United Kingdom,1
2433,Macao,Singapore,1
2434,Chile,Paraguay,1
2435,Afghanistan,Egypt,1
2436,Afghanistan,Jordan,1
2437,Afghanistan,Qatar,1
1038,Iceland,Ireland,1
1033,New Zealand,Tonga,1
2441,Australia,Dominica,1
2442,Australia,Dominican Republic,1
2443,Dominica,Switzerland,1
2444,Dominican Republic,Switzerland,1
2445,Dominica,Spain,1
2446,Dominica,France,1
1028,Colombia,"Venezuela, Bolivarian Republic of",1
2448,Dominica,Italy,1
2449,Dominica,New Zealand,1
2605,Benin,Spain,1
2651,Spain,Togo,1
2607,Benin,Guatemala,1
2608,Benin,Mongolia,1
2845,Greece,Qatar,1
2844,Greece,Panama,1
2843,Greece,Pakistan,1
2841,Greece,Hong Kong,1
2840,Georgia,Serbia,1
2839,Georgia,Poland,1
2838,Georgia,Panama,1
2837,Georgia,Norway,1
2836,France,Viet Nam,1
2835,France,Panama,1
884,Iceland,Poland,1
2833,Ethiopia,Viet Nam,1
2832,Ethiopia,Serbia,1
2831,Ethiopia,Russian Federation,1
2830,Ethiopia,Qatar,1
2829,Ethiopia,Portugal,1
2828,Ethiopia,Poland,1
2846,Greece,Viet Nam,1
2848,Hong Kong,Panama,1
2849,Hong Kong,Qatar,1
2859,Indonesia,Russian Federation,1
2868,Mexico,Qatar,1
2867,Mexico,Norway,1
2866,Japan,Qatar,1
2865,Japan,Panama,1
2863,Italy,Viet Nam,1
2862,Italy,Panama,1
2860,Indonesia,Serbia,1
2858,Indonesia,Qatar,1
2850,Hong Kong,Serbia,1
2857,Indonesia,Portugal,1
2856,Indonesia,Poland,1
2855,Indonesia,Panama,1
2854,Indonesia,Norway,1
862,Belgium,Bulgaria,1
2852,Indonesia,Mexico,1
2851,Hong Kong,Tunisia,1
2827,Ethiopia,Panama,1
2826,Ethiopia,Pakistan,1
856,Ghana,Senegal,1
2793,Bangladesh,Ethiopia,1
2800,Bangladesh,Serbia,1
2799,Bangladesh,Portugal,1
2798,Bangladesh,Panama,1
2797,Bangladesh,Netherlands,1
2796,Bangladesh,Hong Kong,1
2795,Bangladesh,Greece,1
2794,Bangladesh,Georgia,1
890,Barbados,Canada,1
2802,Bangladesh,Viet Nam,1
2791,Bangladesh,Switzerland,1
2790,Azerbaijan,South Africa,1
2789,Azerbaijan,Viet Nam,1
2787,Azerbaijan,Tunisia,1
2786,Azerbaijan,Serbia,1
2785,Azerbaijan,Singapore,1
2784,Azerbaijan,Russian Federation,1
2801,Bangladesh,Tunisia,1
2804,Brazil,Panama,1
2824,Ethiopia,Mexico,1
2814,Egypt,Ethiopia,1
2823,Ethiopia,Japan,1
2822,Ethiopia,Hong Kong,1
2821,Spain,Viet Nam,1
2819,Egypt,Serbia,1
2817,Egypt,Portugal,1
2816,Egypt,Panama,1
2815,Egypt,Norway,1
2813,China,Panama,1
2805,Brazil,Serbia,1
2812,Switzerland,Viet Nam,1
2811,Qatar,Switzerland,1
2810,Panama,Switzerland,1
2809,Pakistan,Switzerland,1
2808,Canada,Viet Nam,1
2807,Canada,Serbia,1
2806,Brazil,Viet Nam,1
2869,Mexico,Tunisia,1
2870,Mexico,Viet Nam,1
2871,Malaysia,Norway,1
2921,Serbia,Singapore,1
874,Brazil,Uruguay,1
2927,Malta,Mexico,1
2926,South Africa,Viet Nam,1
2925,Tunisia,Viet Nam,1
2924,Serbia,South Africa,1
2923,Serbia,Viet Nam,1
2922,Serbia,Tunisia,1
2920,Saudi Arabia,Viet Nam,1
2930,Latvia,United Arab Emirates,1
2919,Russian Federation,Viet Nam,1
2918,Russian Federation,Tunisia,1
2917,Russian Federation,Serbia,1
2916,Qatar,South Africa,1
2915,Qatar,Viet Nam,1
2914,Qatar,Tunisia,1
2913,Qatar,Serbia,1
2929,Antigua and Barbuda,United Arab Emirates,1
2931,Antigua and Barbuda,Finland,1
2911,Qatar,Russian Federation,1
2941,Mexico,Paraguay,1
2948,Denmark,Malta,1
2947,Belgium,Malta,1
2946,Romania,Viet Nam,1
2945,Malaysia,"Taiwan, Province of China",1
2944,Jordan,Switzerland,1
2943,Cyprus,Saudi Arabia,1
2942,Paraguay,Peru,1
2940,Egypt,Finland,1
2932,Antigua and Barbuda,Latvia,1
2939,Argentina,Norway,1
873,Argentina,Uruguay,1
2937,South Korea,United Arab Emirates,1
2936,Luxembourg,Pakistan,1
2935,China,Luxembourg,1
2934,Bangladesh,Luxembourg,1
2933,Belarus,Russian Federation,1
2912,Qatar,Singapore,1
2910,Portugal,Viet Nam,1
2872,Malaysia,Panama,1
2881,Nigeria,Russian Federation,1
2888,Norway,Qatar,1
2887,Norway,Panama,1
2886,Netherlands,Viet Nam,1
2885,Netherlands,Serbia,1
2884,Netherlands,Qatar,1
2883,Netherlands,Pakistan,1
2882,Nigeria,Serbia,1
2880,Nigeria,Qatar,1
2890,Norway,Tunisia,1
2879,Nigeria,Portugal,1
2878,Nigeria,Poland,1
2877,Nigeria,Panama,1
2876,Nigeria,Norway,1
2875,Netherlands,Nigeria,1
2874,Malaysia,Serbia,1
2873,Malaysia,Qatar,1
2889,Norway,Serbia,1
2891,Norway,Viet Nam,1
2909,Portugal,Tunisia,1
2901,Panama,Singapore,1
2908,Portugal,Serbia,1
2907,Portugal,Qatar,1
2906,Poland,Viet Nam,1
2905,Panama,Viet Nam,1
2904,Panama,Turkey,1
2903,Panama,Tunisia,1
2902,Panama,Serbia,1
2900,Panama,Saudi Arabia,1
2892,Pakistan,Panama,1
2899,Panama,Russian Federation,1
2898,Panama,Qatar,1
2897,Panama,Portugal,1
2896,Panama,Poland,1
2895,Pakistan,Tunisia,1
2894,Pakistan,Serbia,1
2893,Pakistan,Portugal,1
2783,Azerbaijan,Qatar,1
2782,Azerbaijan,Portugal,1
2781,Azerbaijan,Poland,1
2662,Guatemala,Togo,1
2671,Mongolia,Panama,1
2670,India,Timor-Leste,1
2669,India,Togo,1
2666,India,Mongolia,1
2665,Guatemala,South Africa,1
2664,Guatemala,Trinidad and Tobago,1
2663,Guatemala,Timor-Leste,1
2661,Guatemala,Seychelles,1
2673,Mongolia,Togo,1
2660,Guatemala,Panama,1
2659,Guatemala,Mongolia,1
2658,Timor-Leste,United Kingdom,1
2657,Togo,United Kingdom,1
2656,Seychelles,United Kingdom,1
2653,Guatemala,United Kingdom,1
2652,Spain,Timor-Leste,1
2672,Mongolia,Seychelles,1
2674,Mongolia,Timor-Leste,1
2650,Seychelles,Spain,1
2686,Seychelles,South Africa,1
2693,South Africa,Timor-Leste,1
820,Hong Kong,Ireland,1
2691,Timor-Leste,Trinidad and Tobago,1
2690,South Africa,Togo,1
923,United States,Yemen,1
2688,Togo,Trinidad and Tobago,1
2687,Timor-Leste,Togo,1
2684,Seychelles,Trinidad and Tobago,1
2675,Mongolia,Trinidad and Tobago,1
2683,Seychelles,Timor-Leste,1
2682,Seychelles,Togo,1
2680,Panama,Trinidad and Tobago,1
2679,Panama,Timor-Leste,1
2678,Panama,Togo,1
2677,Panama,Seychelles,1
2676,Mongolia,South Africa,1
2332,India,Zimbabwe,1
2648,Mongolia,Spain,1
920,Egypt,Yemen,1
2618,Bhutan,Germany,1
2625,Bhutan,Togo,1
2624,Bhutan,Seychelles,1
2623,Bhutan,Panama,1
2622,Bhutan,Mongolia,1
2621,Bhutan,Guatemala,1
947,Germany,Montserrat,1
2619,Bhutan,Spain,1
2617,Bhutan,Costa Rica,1
2627,Bhutan,Trinidad and Tobago,1
948,Hungary,Spain,1
2615,Benin,South Africa,1
2613,Benin,Trinidad and Tobago,1
2612,Benin,Timor-Leste,1
2611,Benin,Togo,1
2610,Benin,Seychelles,1
2609,Benin,Panama,1
2626,Bhutan,Timor-Leste,1
2628,Bhutan,South Africa,1
2647,Germany,Trinidad and Tobago,1
2639,Costa Rica,Seychelles,1
2646,Germany,Timor-Leste,1
2645,Germany,Togo,1
2644,Germany,Seychelles,1
944,Congo,Netherlands,1
2642,Costa Rica,Trinidad and Tobago,1
2641,Costa Rica,Timor-Leste,1
2640,Costa Rica,Togo,1
2638,Costa Rica,Panama,1
2629,Canada,Costa Rica,1
2637,Costa Rica,Mongolia,1
2636,Canada,Trinidad and Tobago,1
2635,Canada,Timor-Leste,1
2634,Canada,Togo,1
2633,Canada,Seychelles,1
2631,Canada,Mongolia,1
2630,Canada,Guatemala,1
921,Spain,Yemen,1
2696,Saudi Arabia,Slovakia,1
2780,Azerbaijan,Panama,1
2751,Spain,United Arab Emirates,1
2758,Azerbaijan,Brazil,1
2757,Azerbaijan,Bangladesh,1
2756,Australia,Azerbaijan,1
2755,United Arab Emirates,Viet Nam,1
2754,Panama,United Arab Emirates,1
2753,Indonesia,United Arab Emirates,1
2752,Georgia,United Arab Emirates,1
2750,Azerbaijan,United Arab Emirates,1
2760,Azerbaijan,China,1
2749,Malaysia,Morocco,1
2747,Czechia,Tunisia,1
2746,Croatia,Montenegro,1
2745,Martinique,RÃ©union,1
2744,Guadeloupe,RÃ©union,1
2743,Guadeloupe,Martinique,1
841,Jersey,Thailand,1
2759,Azerbaijan,Switzerland,1
2761,Azerbaijan,Germany,1
2740,Argentina,United Arab Emirates,1
2771,Azerbaijan,India,1
2779,Azerbaijan,Pakistan,1
2778,Azerbaijan,Norway,1
2777,Azerbaijan,Netherlands,1
2775,Azerbaijan,Malaysia,1
2774,Azerbaijan,Mexico,1
2773,Azerbaijan,Japan,1
2772,Azerbaijan,Italy,1
2770,Azerbaijan,Indonesia,1
2762,Azerbaijan,Egypt,1
2769,Azerbaijan,Hong Kong,1
2768,Azerbaijan,Greece,1
2767,Azerbaijan,Georgia,1
849,Cameroon,Ghana,1
2765,Azerbaijan,France,1
2764,Azerbaijan,Ethiopia,1
2763,Azerbaijan,Spain,1
904,Georgia,Hungary,1
2739,Iraq,Pakistan,1
2697,Romania,United Arab Emirates,1
2706,Colombia,Uganda,1
2713,Ghana,New Zealand,1
2712,Ghana,Mexico,1
2711,Ghana,Japan,1
2710,Egypt,Uganda,1
2709,Algeria,Uganda,1
2708,Algeria,New Zealand,1
2707,Algeria,Ghana,1
2705,Colombia,Lebanon,1
2715,Lebanon,Mexico,1
2704,Colombia,Ghana,1
2703,Colombia,Egypt,1
2702,Algeria,Colombia,1
2701,Australia,Lebanon,1
2700,Algeria,Australia,1
2699,Uganda,United Arab Emirates,1
2698,Ghana,United Arab Emirates,1
2714,Japan,Uganda,1
2716,Lebanon,Uganda,1
2738,Iceland,Spain,1
821,Georgia,Ukraine,1
835,Denmark,Jersey,1
2735,Mauritius,Viet Nam,1
2734,Poland,"Taiwan, Province of China",1
914,France,Jordan,1
2729,North Macedonia,United States,1
2728,France,North Macedonia,1
2727,Jordan,Sweden,1
2725,Ireland,Jordan,1
2717,Mexico,Uganda,1
2724,Jordan,Spain,1
2723,Denmark,Jordan,1
2722,Kiribati,New Zealand,1
2721,Jersey,Puerto Rico,1
2720,Canada,Malawi,1
2719,Mali,South Korea,1
2718,Hungary,Saudi Arabia,1
2333,Iraq,Montenegro,1
2272,Ecuador,United Kingdom,1
2331,India,Montenegro,1
1854,Brazil,Rwanda,1
1861,Chile,Singapore,1
1860,Chile,Rwanda,1
1859,Chile,Japan,1
1357,Singapore,Slovenia,1
1358,Slovenia,South Africa,1
1856,Canada,Rwanda,1
1359,Morocco,Niger,1
1360,Aruba,Saudi Arabia,1
536,Costa Rica,Ecuador,1
573,New Zealand,Pakistan,1
1850,Bangladesh,Denmark,1
1848,Argentina,Egypt,1
546,Ecuador,Puerto Rico,1
545,Ecuador,Peru,1
1844,Congo,France,1
544,Ecuador,Mexico,1
1862,Chile,Thailand,1
1355,Portugal,Slovenia,1
1864,Japan,Rwanda,1
1865,Mexico,Rwanda,1
1882,Italy,Slovakia,1
1880,Chile,Norway,1
1340,Denmark,Peru,1
1877,Canada,Haiti,1
168,Estonia,Finland,1
1875,Hungary,Thailand,1
1874,Hungary,Philippines,1
1873,Hong Kong,Hungary,1
1349,Mexico,Slovenia,1
577,Germany,Jordan,1
1352,Peru,Singapore,1
1353,Peru,Slovenia,1
1354,Peru,South Africa,1
1867,Rwanda,Thailand,1
1866,Rwanda,Singapore,1
1842,Portugal,Slovakia,1
1840,Greece,Slovakia,1
1278,Nigeria,Oman,1
486,Myanmar,Switzerland,1
1810,Argentina,Guatemala,1
1809,Australia,Macao,1
492,Myanmar,South Africa,1
1806,Lithuania,Romania,1
1805,Bosnia and Herzegovina,Romania,1
1804,Bulgaria,Romania,1
489,France,Myanmar,1
1419,New Zealand,Portugal,1
198,Brazil,Jersey,1
485,Italy,South Korea,1
1797,Canada,Iceland,1
1796,China,Uganda,1
1795,Panama,"Taiwan, Province of China",1
1429,Pakistan,Sweden,1
1791,Romania,Thailand,1
1432,Cyprus,Jersey,1
1811,Argentina,South Korea,1
1812,Brazil,Guatemala,1
1813,Brazil,South Korea,1
1815,Costa Rica,South Korea,1
203,Cuba,Italy,1
1836,Netherlands,Ukraine,1
1383,Congo,United States,1
1834,Aruba,Bangladesh,1
1833,Aruba,Australia,1
1832,Australia,Yemen,1
1384,Cyprus,Hong Kong,1
520,Brazil,Ecuador,1
1828,Hong Kong,Rwanda,1
1826,Japan,Romania,1
1397,Brunei Darussalam,Czechia,1
1400,Philippines,Switzerland,1
1822,Austria,Chile,1
1402,Norway,Philippines,1
1818,Guatemala,South Korea,1
1337,Cameroon,Slovenia,1
1884,Algeria,Jordan,1
1885,Algeria,Kuwait,1
1310,Belize,Canada,1
1947,China,Iceland,1
1946,Latvia,Nepal,1
1308,Australia,Belize,1
1943,Colombia,Trinidad and Tobago,1
1942,Italy,Malawi,1
1941,Portugal,Ukraine,1
149,Belgium,Hong Kong,1
155,Cote d'Ivoire,France,1
1336,Cameroon,Singapore,1
1311,Belize,Switzerland,1
1312,Belize,Cameroon,1
1313,Belize,Germany,1
1934,Chile,Russian Federation,1
1933,Krakowie,Poland,1
1932,Pakistan,Philippines,1
1931,Cambodia,Philippines,1
1949,Australia,Paraguay,1
1304,Peru,United Arab Emirates,1
620,Kenya,Norway,1
1954,Brazil,Kenya,1
1971,Kenya,Spain,1
1282,Oman,Senegal,1
1283,Oman,Zambia,1
1284,Pakistan,Senegal,1
1967,Germany,Paraguay,1
1965,China,Paraguay,1
1286,Pakistan,Zambia,1
1287,Senegal,Turkey,1
1962,Paraguay,Switzerland,1
1289,Senegal,Zambia,1
1290,Turkey,Zambia,1
1958,Canada,Paraguay,1
1292,Belgium,Qatar,1
1296,Belize,United Arab Emirates,1
1298,Cameroon,United Arab Emirates,1
1930,Cambodia,Pakistan,1
1929,Cambodia,India,1
1928,Australia,Cambodia,1
1907,North Macedonia,Slovenia,1
1905,Bosnia and Herzegovina,North Macedonia,1
1904,Albania,Slovenia,1
1903,Albania,North Macedonia,1
1902,Albania,Croatia,1
1901,Albania,Bosnia and Herzegovina,1
1898,Morocco,Sudan,1
1331,Cameroon,Denmark,1
1896,Kuwait,Sudan,1
1895,Kuwait,Pakistan,1
1894,Kuwait,Morocco,1
1333,Cameroon,Mexico,1
1890,Egypt,Sudan,1
1335,Cameroon,Peru,1
1888,Algeria,Sudan,1
1887,Algeria,Pakistan,1
1906,Croatia,North Macedonia,1
1325,Belize,South Africa,1
1314,Belize,Denmark,1
872,Japan,Macao,1
1926,New Zealand,Qatar,1
1316,Belize,Israel,1
1317,Belize,Italy,1
1318,Belize,Mexico,1
1921,Puerto Rico,Turkey,1
1920,Puerto Rico,Thailand,1
1919,Lebanon,Puerto Rico,1
1319,Belize,Netherlands,1
1320,Belize,Peru,1
1916,Qatar,Romania,1
1321,Belize,Portugal,1
1914,Brazil,Slovakia,1
1322,Belize,Singapore,1
1323,Belize,Slovenia,1
1911,Hong Kong,Jersey,1
1434,Cyprus,Serbia,1
1435,Greece,Jersey,1
1785,Algeria,Thailand,1
1533,Republic of Korea,United States,1
1530,China,Republic of Korea,1
1661,Bosnia and Herzegovina,Czechia,1
1660,Bosnia and Herzegovina,Slovakia,1
1531,Hong Kong,South Korea,1
1532,Hong Kong,Republic of Korea,1
1657,Bosnia and Herzegovina,Hungary,1
1656,Bulgaria,Czechia,1
1654,Bulgaria,Slovakia,1
1511,Finland,Serbia,1
376,Colombia,Honduras,1
300,Dominican Republic,Israel,1
1649,Iceland,Israel,1
1647,Cyprus,Spain,1
302,Dominica,Germany,1
1644,Brazil,Cyprus,1
1539,Macao,Spain,1
1663,Denmark,Serbia,1
377,Honduras,Mexico,1
1527,Serbia,Sweden,1
1666,Czechia,Japan,1
1682,Russian Federation,Slovenia,1
1681,Japan,Slovenia,1
1513,Greece,Kuwait,1
1518,Kuwait,Mexico,1
1519,Kuwait,Poland,1
1676,India,Lesotho,1
1520,Kuwait,Serbia,1
1521,Kuwait,Sweden,1
292,Angola,Spain,1
378,Honduras,Netherlands,1
1671,Croatia,Hong Kong,1
299,Dominica,Israel,1
1669,Czechia,Turkey,1
1668,Czechia,Serbia,1
1667,Czechia,Mexico,1
303,Dominican Republic,Germany,1
1540,France,Macao,1
1545,Italy,Macao,1
1616,China,Hungary,1
1575,Dominican Republic,Ghana,1
1576,Dominican Republic,India,1
323,Lesotho,United Kingdom,1
324,Israel,Lesotho,1
1610,Hong Kong,Lithuania,1
1609,Canada,Lithuania,1
1577,Dominican Republic,Lebanon,1
1607,Bulgaria,Hong Kong,1
1584,Indonesia,Iraq,1
334,Colombia,Panama,1
325,Jamaica,United Kingdom,1
1591,Somalia,Turkey,1
1592,Australia,Brunei Darussalam,1
331,Kiribati,United Kingdom,1
1597,Nepal,New Zealand,1
1615,Russian Federation,Thailand,1
317,Cuba,Poland,1
1546,Macao,Romania,1
1574,Dominica,Lebanon,1
1547,Macao,Turkey,1
367,Cameroon,Lebanon,1
311,Cuba,Switzerland,1
1549,Kyrgyzstan,Switzerland,1
1550,Kyrgyzstan,Netherlands,1
314,Cuba,Germany,1
1553,Israel,Lebanon,1
359,Philippines,"Taiwan, Province of China",1
1558,Georgia,Macao,1
1560,Macao,Nigeria,1
347,Hong Kong,"Taiwan, Province of China",1
1624,China,Jamaica,1
316,Cuba,Japan,1
1572,Dominica,Ghana,1
1573,Dominica,India,1
1512,Finland,Turkey,1
286,Northern Mariana Islands,United States,1
1784,Algeria,Romania,1
1748,Austria,Czechia,1
1458,Pakistan,Thailand,1
1459,Bahrain,Germany,1
1754,Czechia,Singapore,1
1462,Lebanon,Tunisia,1
1752,Czechia,Iceland,1
435,Belarus,Luxembourg,1
1749,Belgium,Singapore,1
1747,Austria,Iceland,1
1509,Finland,Mexico,1
1746,Montenegro,Spain,1
1745,Ghana,Ireland,1
1744,Finland,Iran,1
1741,Singapore,Zambia,1
1740,Madagascar,South Africa,1
1739,Madagascar,United States,1
1738,India,Madagascar,1
444,Belgium,Thailand,1
1758,Argentina,Latvia,1
1759,Australia,Latvia,1
1760,Latvia,Spain,1
1783,Algeria,Poland,1
1439,Jersey,Serbia,1
1780,Algeria,Israel,1
1777,Denmark,Romania,1
1776,Algeria,Germany,1
1775,Canada,Romania,1
1771,Argentina,Romania,1
463,Croatia,Thailand,1
1769,Algeria,Argentina,1
462,Croatia,Saudi Arabia,1
1765,Latvia,Turkey,1
1764,Latvia,Thailand,1
1763,Latvia,Peru,1
1762,Latvia,United Kingdom,1
1761,France,Latvia,1
1737,Madagascar,United Kingdom,1
1735,Egypt,Madagascar,1
1734,Austria,South Africa,1
1709,French Polynesia,Singapore,1
1490,Bulgaria,Spain,1
1491,Bulgaria,Finland,1
1493,Bulgaria,Kuwait,1
1494,Bulgaria,Mexico,1
1495,Bulgaria,Saudi Arabia,1
1496,Bulgaria,Sweden,1
1497,Bulgaria,Turkey,1
1498,Colombia,Finland,1
1500,Colombia,Kuwait,1
1695,Mexico,Sri Lanka,1
1694,Canada,Lebanon,1
1502,Colombia,Serbia,1
1503,Colombia,Sweden,1
1691,Grenada,New Zealand,1
1505,Kuwait,Spain,1
1489,Bulgaria,Colombia,1
1487,Austria,Serbia,1
1733,Austria,Madagascar,1
1711,Brazil,Syrian Arab Republic,1
1474,Brazil,Lithuania,1
1476,Lithuania,Spain,1
1726,Lebanon,Spain,1
1481,Austria,Bulgaria,1
1722,Costa Rica,Greece,1
1721,Netherlands,Papua New Guinea,1
1720,Guinea,Netherlands,1
1719,Papua New Guinea,United Kingdom,1
1485,Austria,Kuwait,1
249,Netherlands,Zimbabwe,1
1716,Lebanon,Syrian Arab Republic,1
1715,India,Syrian Arab Republic,1
1714,Ghana,Syrian Arab Republic,1
1713,Egypt,Syrian Arab Republic,1
1486,Austria,Mexico,1
1280,Nigeria,Zambia,1
1277,Mauritius,Zambia,1
2330,United Kingdom,Zimbabwe,1
2195,Finland,Luxembourg,1
649,Japan,Latvia,1
648,Japan,Lithuania,1
2201,Croatia,Peru,1
2200,Croatia,Luxembourg,1
1170,Argentina,Sweden,1
2198,Finland,Romania,1
645,India,Latvia,1
2194,Belgium,Peru,1
2179,Estonia,Portugal,1
642,Latvia,Switzerland,1
2191,Austria,Peru,1
635,Malawi,Nigeria,1
2188,New Zealand,Timor-Leste,1
2187,Hong Kong,Timor-Leste,1
2185,Austria,Russian Federation,1
2184,Croatia,Sweden,1
2206,Luxembourg,Romania,1
2207,Peru,Romania,1
651,Lithuania,Portugal,1
652,Lithuania,Singapore,1
2232,Saint Kitts and Nevis,South Africa,1
48,Chile,Sweden,1
1148,Chad,United Kingdom,1
2228,Indonesia,"Taiwan, Province of China",1
654,Latvia,Singapore,1
2224,Ghana,Sweden,1
2222,Algeria,Indonesia,1
2219,Algeria,Bangladesh,1
2217,Algeria,Tunisia,1
2216,Sweden,Uruguay,1
2215,Mexico,Uruguay,1
2214,Bhutan,Nepal,1
1160,Botswana,Yemen,1
1161,United Kingdom,Yemen,1
2211,Brunei Darussalam,United Kingdom,1
2180,Estonia,Romania,1
1191,New Zealand,Poland,1
1977,Croatia,Ethiopia,1
1213,Bangladesh,Kenya,1
1205,Afghanistan,Nigeria,1
1206,Afghanistan,Oman,1
1207,Afghanistan,Pakistan,1
1208,Afghanistan,Senegal,1
2152,Austria,Georgia,1
1211,Afghanistan,Zambia,1
1212,Bangladesh,Guinea,1
2146,Philippines,Turkey,1
2177,Denmark,Rwanda,1
2145,Netherlands,Philippines,1
2144,Lebanon,Philippines,1
2143,Egypt,Hungary,1
1214,Bangladesh,Morocco,1
2140,Bangladesh,Iran,1
1216,Bangladesh,Mozambique,1
2138,Canada,Mali,1
1204,Afghanistan,Mauritius,1
2158,Chad,Senegal,1
1203,Afghanistan,Mozambique,1
2160,Cameroon,Zimbabwe,1
633,Luxembourg,Saudi Arabia,1
2175,Burkina Faso,Ethiopia,1
630,Algeria,Portugal,1
1197,Afghanistan,Bangladesh,1
2171,Norway,Romania,1
1198,Afghanistan,Guinea,1
1199,Afghanistan,India,1
2168,Belgium,Turkey,1
1200,Afghanistan,Kenya,1
2166,Romania,Saudi Arabia,1
2165,Israel,South Korea,1
2164,Hungary,Qatar,1
1201,Afghanistan,Morocco,1
1202,Afghanistan,Maldives,1
2161,South Africa,Zimbabwe,1
2233,Liberia,United States,1
2235,Romania,Serbia,1
665,Australia,Vanuatu,1
2300,Canada,Ghana,1
2307,Guatemala,Mexico,1
2306,France,Guatemala,1
680,Grenada,India,1
1102,China,Kuwait,1
2303,Jamaica,Nigeria,1
2302,Canada,Jamaica,1
1104,Iraq,Kuwait,1
1105,Kuwait,Romania,1
667,Nauru,Vanuatu,1
2298,China,Ukraine,1
1106,Kuwait,Russian Federation,1
1108,Kuwait,South Africa,1
2294,Iran,Ireland,1
2293,Finland,Pakistan,1
2292,Bahrain,Italy,1
2290,Libya,Malaysia,1
2308,Guatemala,New Zealand,1
1100,Australia,Myanmar,1
2310,Jordan,Netherlands,1
2312,Georgia,"Taiwan, Province of China",1
1084,Latvia,Slovakia,1
1085,Latvia,Slovenia,1
2327,Egypt,Zimbabwe,1
2326,Egypt,Slovenia,1
2325,Egypt,Montenegro,1
2324,United Arab Emirates,Zimbabwe,1
1086,Czechia,Latvia,1
2322,Montenegro,United Arab Emirates,1
1094,Austria,Bosnia and Herzegovina,1
2318,Colombia,Jordan,1
2317,Canada,Jordan,1
2316,Brazil,Jordan,1
2315,Chile,Malaysia,1
1095,Fiji,United States,1
682,Grenada,Iran,1
2289,Iraq,Libya,1
47,Chile,Denmark,1
2286,Ethiopia,Jordan,1
2264,Ecuador,India,1
1128,India,Papua New Guinea,1
1130,Australia,Ecuador,1
2254,Ireland,Pakistan,1
2253,Chile,Portugal,1
2252,Bangladesh,Sweden,1
674,Cuba,Portugal,1
2249,Australia,Lithuania,1
672,Colombia,Portugal,1
671,Colombia,Cuba,1
668,Solomon Islands,Vanuatu,1
1140,Malaysia,Ukraine,1
2242,Oman,Peru,1
2241,Iraq,Peru,1
1141,Peru,Ukraine,1
2239,Egypt,Peru,1
1120,Puerto Rico,United Kingdom,1
2265,Ecuador,Norway,1
2284,Hungary,Iceland,1
1119,Germany,Puerto Rico,1
1113,Jersey,Sweden,1
2281,Malawi,Thailand,1
2280,Malawi,Philippines,1
2279,Brazil,Malawi,1
1115,Solomon Islands,United Kingdom,1
1116,New Zealand,Solomon Islands,1
2276,Lebanon,Slovakia,1
2275,Lebanon,Pakistan,1
2274,Slovakia,United Arab Emirates,1
1117,Libya,Poland,1
1596,Qatar,Sudan,1
2271,Canada,Ecuador,1
2269,Czechia,North Macedonia,1
2268,Czechia,Greece,1
2267,Germany,"Taiwan, Province of China",1
1218,Bangladesh,Oman,1
1219,Bangladesh,Senegal,1
1221,Bangladesh,Zambia,1
2025,Kenya,Malaysia,1
2032,Paraguay,Tunisia,1
2031,Paraguay,Singapore,1
1248,Mauritius,Morocco,1
2029,Malaysia,Paraguay,1
2028,Kenya,Tunisia,1
2027,Kenya,Paraguay,1
1249,Morocco,Nigeria,1
2024,Italy,Paraguay,1
2054,Botswana,Germany,1
2023,Italy,Kenya,1
2022,Israel,Tunisia,1
2021,Israel,Paraguay,1
1250,Morocco,Oman,1
2019,India,Paraguay,1
629,Algeria,Luxembourg,1
1254,Morocco,Zambia,1
2033,Paraguay,Turkey,1
2034,Paraguay,South Africa,1
1247,Morocco,Mozambique,1
1246,Maldives,Morocco,1
2052,Botswana,Switzerland,1
1239,Kenya,Morocco,1
2050,Australia,Senegal,1
1240,Kenya,Maldives,1
2048,Australia,Mali,1
2047,Australia,Botswana,1
2046,Ireland,Slovakia,1
1241,Kenya,Mozambique,1
2044,Chile,Cuba,1
1242,Kenya,Mauritius,1
2042,Iran,South Africa,1
1243,Kenya,Oman,1
1244,Kenya,Pakistan,1
2039,Mauritius,Nepal,1
2038,Maldives,Nepal,1
1255,Maldives,Mozambique,1
2015,Indonesia,Paraguay,1
2014,Indonesia,Kenya,1
1266,Mozambique,Oman,1
1992,Georgia,Paraguay,1
1268,Mozambique,Senegal,1
1990,Georgia,Kenya,1
1269,Mozambique,Turkey,1
1988,Croatia,Georgia,1
1270,Mozambique,United States,1
1986,Paraguay,United Kingdom,1
1985,France,Paraguay,1
1984,France,Kenya,1
1271,Mozambique,Zambia,1
1272,Mauritius,Nigeria,1
1981,Ethiopia,Paraguay,1
1273,Mauritius,Oman,1
1274,Mauritius,Pakistan,1
1275,Mauritius,Senegal,1
1267,Mozambique,Pakistan,1
1265,Mozambique,Nigeria,1
2012,Indonesia,Israel,1
1264,Mauritius,Mozambique,1
2011,Croatia,South Africa,1
2010,Croatia,Tunisia,1
2009,Croatia,Singapore,1
2008,Croatia,Paraguay,1
1257,Maldives,Nigeria,1
2006,Croatia,Kenya,1
2005,Croatia,Indonesia,1
1258,Maldives,Oman,1
1259,Maldives,Pakistan,1
1260,Maldives,Senegal,1
2001,Greece,Paraguay,1
1261,Maldives,Turkey,1
1999,Greece,Kenya,1
1262,Maldives,United States,1
1263,Maldives,Zambia,1
2053,Botswana,Cameroon,1
2055,Botswana,Ethiopia,1
1222,Guinea,Kenya,1
1233,Guinea,Zambia,1
2113,Senegal,Uganda,1
1232,Guinea,United States,1
2111,Rwanda,Uganda,1
2110,Rwanda,Senegal,1
2109,Netherlands,Senegal,1
2108,Netherlands,Rwanda,1
2107,Malawi,South Africa,1
2105,Malawi,Uganda,1
2056,Botswana,India,1
2104,Malawi,Senegal,1
2103,Malawi,Rwanda,1
2102,Malawi,Netherlands,1
2101,Mali,South Africa,1
2100,Mali,Uganda,1
2099,Mali,Rwanda,1
2098,Mali,Netherlands,1
2114,Senegal,South Africa,1
1231,Guinea,Turkey,1
1230,Guinea,Senegal,1
1229,Guinea,Pakistan,1
1223,Guinea,Morocco,1
1224,Guinea,Maldives,1
1225,Guinea,Mozambique,1
2129,Canada,Kuwait,1
2128,Israel,Jersey,1
2127,Canada,Philippines,1
2126,Palau,United Kingdom,1
2125,Ireland,Jersey,1
2124,Cameroon,Guinea,1
2123,Czechia,Ukraine,1
1226,Guinea,Mauritius,1
1227,Guinea,Nigeria,1
2120,Australia,Ukraine,1
2119,Mali,Mongolia,1
1228,Guinea,Oman,1
2097,Malawi,Mali,1
2096,Kenya,Uganda,1
2094,Kenya,Mali,1
2073,Cameroon,Malawi,1
2071,Cameroon,Ethiopia,1
1238,India,Zambia,1
2069,Senegal,Switzerland,1
2068,Rwanda,Switzerland,1
2067,Malawi,Switzerland,1
2066,Mali,Switzerland,1
2065,Botswana,South Africa,1
2064,Botswana,Uganda,1
2063,Botswana,Senegal,1
2062,Botswana,Rwanda,1
2061,Botswana,Netherlands,1
2060,Botswana,Malawi,1
2059,Botswana,Mali,1
2058,Botswana,Kenya,1
2057,Botswana,Israel,1
2072,Cameroon,Mali,1
2074,Cameroon,Rwanda,1
2093,Israel,Uganda,1
2075,Cameroon,Uganda,1
2092,Israel,Senegal,1
2091,Israel,Rwanda,1
2090,Israel,Malawi,1
2089,Israel,Mali,1
1235,India,Mozambique,1
2086,India,Mali,1
2084,Ethiopia,Uganda,1
2083,Ethiopia,Senegal,1
2082,Ethiopia,Rwanda,1
2081,Ethiopia,Malawi,1
2080,Ethiopia,Mali,1
2079,Germany,Senegal,1
2078,Germany,Rwanda,1
2077,Germany,Malawi,1
2076,Germany,Mali,1
1910,El Salvador,Mexico,1
